lon,lat,grid_id,region
-60.0,-18.0,0,mato_grosso
-59.75,-18.0,1,mato_grosso
-59.5,-18.0,2,mato_grosso
-59.25,-18.0,3,mato_grosso
-59.0,-18.0,4,mato_grosso
-58.75,-18.0,5,mato_grosso
-58.5,-18.0,6,mato_grosso
-58.25,-18.0,7,mato_grosso
-58.0,-18.0,8,mato_grosso
-57.75,-18.0,9,mato_grosso
-57.5,-18.0,10,mato_grosso
-57.25,-18.0,11,mato_grosso
-57.0,-18.0,12,mato_grosso
-56.75,-18.0,13,mato_grosso
-56.5,-18.0,14,mato_grosso
-56.25,-18.0,15,mato_grosso
-56.0,-18.0,16,mato_grosso
-55.75,-18.0,17,mato_grosso
-55.5,-18.0,18,mato_grosso
-55.25,-18.0,19,mato_grosso
-55.0,-18.0,20,mato_grosso
-54.75,-18.0,21,mato_grosso
-54.5,-18.0,22,mato_grosso
-54.25,-18.0,23,mato_grosso
-54.0,-18.0,24,mato_grosso
-53.75,-18.0,25,mato_grosso
-53.5,-18.0,26,mato_grosso
-53.25,-18.0,27,mato_grosso
-53.0,-18.0,28,mato_grosso
-52.75,-18.0,29,mato_grosso
-52.5,-18.0,30,mato_grosso
-52.25,-18.0,31,mato_grosso
-52.0,-18.0,32,mato_grosso
-51.75,-18.0,33,mato_grosso
-51.5,-18.0,34,mato_grosso
-51.25,-18.0,35,mato_grosso
-51.0,-18.0,36,mato_grosso
-50.75,-18.0,37,mato_grosso
-50.5,-18.0,38,mato_grosso
-50.25,-18.0,39,mato_grosso
-60.0,-17.75,40,mato_grosso
-59.75,-17.75,41,mato_grosso
-59.5,-17.75,42,mato_grosso
-59.25,-17.75,43,mato_grosso
-59.0,-17.75,44,mato_grosso
-58.75,-17.75,45,mato_grosso
-58.5,-17.75,46,mato_grosso
-58.25,-17.75,47,mato_grosso
-58.0,-17.75,48,mato_grosso
-57.75,-17.75,49,mato_grosso
-57.5,-17.75,50,mato_grosso
-57.25,-17.75,51,mato_grosso
-57.0,-17.75,52,mato_grosso
-56.75,-17.75,53,mato_grosso
-56.5,-17.75,54,mato_grosso
-56.25,-17.75,55,mato_grosso
-56.0,-17.75,56,mato_grosso
-55.75,-17.75,57,mato_grosso
-55.5,-17.75,58,mato_grosso
-55.25,-17.75,59,mato_grosso
-55.0,-17.75,60,mato_grosso
-54.75,-17.75,61,mato_grosso
-54.5,-17.75,62,mato_grosso
-54.25,-17.75,63,mato_grosso
-54.0,-17.75,64,mato_grosso
-53.75,-17.75,65,mato_grosso
-53.5,-17.75,66,mato_grosso
-53.25,-17.75,67,mato_grosso
-53.0,-17.75,68,mato_grosso
-52.75,-17.75,69,mato_grosso
-52.5,-17.75,70,mato_grosso
-52.25,-17.75,71,mato_grosso
-52.0,-17.75,72,mato_grosso
-51.75,-17.75,73,mato_grosso
-51.5,-17.75,74,mato_grosso
-51.25,-17.75,75,mato_grosso
-51.0,-17.75,76,mato_grosso
-50.75,-17.75,77,mato_grosso
-50.5,-17.75,78,mato_grosso
-50.25,-17.75,79,mato_grosso
-60.0,-17.5,80,mato_grosso
-59.75,-17.5,81,mato_grosso
-59.5,-17.5,82,mato_grosso
-59.25,-17.5,83,mato_grosso
-59.0,-17.5,84,mato_grosso
-58.75,-17.5,85,mato_grosso
-58.5,-17.5,86,mato_grosso
-58.25,-17.5,87,mato_grosso
-58.0,-17.5,88,mato_grosso
-57.75,-17.5,89,mato_grosso
-57.5,-17.5,90,mato_grosso
-57.25,-17.5,91,mato_grosso
-57.0,-17.5,92,mato_grosso
-56.75,-17.5,93,mato_grosso
-56.5,-17.5,94,mato_grosso
-56.25,-17.5,95,mato_grosso
-56.0,-17.5,96,mato_grosso
-55.75,-17.5,97,mato_grosso
-55.5,-17.5,98,mato_grosso
-55.25,-17.5,99,mato_grosso
-55.0,-17.5,100,mato_grosso
-54.75,-17.5,101,mato_grosso
-54.5,-17.5,102,mato_grosso
-54.25,-17.5,103,mato_grosso
-54.0,-17.5,104,mato_grosso
-53.75,-17.5,105,mato_grosso
-53.5,-17.5,106,mato_grosso
-53.25,-17.5,107,mato_grosso
-53.0,-17.5,108,mato_grosso
-52.75,-17.5,109,mato_grosso
-52.5,-17.5,110,mato_grosso
-52.25,-17.5,111,mato_grosso
-52.0,-17.5,112,mato_grosso
-51.75,-17.5,113,mato_grosso
-51.5,-17.5,114,mato_grosso
-51.25,-17.5,115,mato_grosso
-51.0,-17.5,116,mato_grosso
-50.75,-17.5,117,mato_grosso
-50.5,-17.5,118,mato_grosso
-50.25,-17.5,119,mato_grosso
-60.0,-17.25,120,mato_grosso
-59.75,-17.25,121,mato_grosso
-59.5,-17.25,122,mato_grosso
-59.25,-17.25,123,mato_grosso
-59.0,-17.25,124,mato_grosso
-58.75,-17.25,125,mato_grosso
-58.5,-17.25,126,mato_grosso
-58.25,-17.25,127,mato_grosso
-58.0,-17.25,128,mato_grosso
-57.75,-17.25,129,mato_grosso
-57.5,-17.25,130,mato_grosso
-57.25,-17.25,131,mato_grosso
-57.0,-17.25,132,mato_grosso
-56.75,-17.25,133,mato_grosso
-56.5,-17.25,134,mato_grosso
-56.25,-17.25,135,mato_grosso
-56.0,-17.25,136,mato_grosso
-55.75,-17.25,137,mato_grosso
-55.5,-17.25,138,mato_grosso
-55.25,-17.25,139,mato_grosso
-55.0,-17.25,140,mato_grosso
-54.75,-17.25,141,mato_grosso
-54.5,-17.25,142,mato_grosso
-54.25,-17.25,143,mato_grosso
-54.0,-17.25,144,mato_grosso
-53.75,-17.25,145,mato_grosso
-53.5,-17.25,146,mato_grosso
-53.25,-17.25,147,mato_grosso
-53.0,-17.25,148,mato_grosso
-52.75,-17.25,149,mato_grosso
-52.5,-17.25,150,mato_grosso
-52.25,-17.25,151,mato_grosso
-52.0,-17.25,152,mato_grosso
-51.75,-17.25,153,mato_grosso
-51.5,-17.25,154,mato_grosso
-51.25,-17.25,155,mato_grosso
-51.0,-17.25,156,mato_grosso
-50.75,-17.25,157,mato_grosso
-50.5,-17.25,158,mato_grosso
-50.25,-17.25,159,mato_grosso
-60.0,-17.0,160,mato_grosso
-59.75,-17.0,161,mato_grosso
-59.5,-17.0,162,mato_grosso
-59.25,-17.0,163,mato_grosso
-59.0,-17.0,164,mato_grosso
-58.75,-17.0,165,mato_grosso
-58.5,-17.0,166,mato_grosso
-58.25,-17.0,167,mato_grosso
-58.0,-17.0,168,mato_grosso
-57.75,-17.0,169,mato_grosso
-57.5,-17.0,170,mato_grosso
-57.25,-17.0,171,mato_grosso
-57.0,-17.0,172,mato_grosso
-56.75,-17.0,173,mato_grosso
-56.5,-17.0,174,mato_grosso
-56.25,-17.0,175,mato_grosso
-56.0,-17.0,176,mato_grosso
-55.75,-17.0,177,mato_grosso
-55.5,-17.0,178,mato_grosso
-55.25,-17.0,179,mato_grosso
-55.0,-17.0,180,mato_grosso
-54.75,-17.0,181,mato_grosso
-54.5,-17.0,182,mato_grosso
-54.25,-17.0,183,mato_grosso
-54.0,-17.0,184,mato_grosso
-53.75,-17.0,185,mato_grosso
-53.5,-17.0,186,mato_grosso
-53.25,-17.0,187,mato_grosso
-53.0,-17.0,188,mato_grosso
-52.75,-17.0,189,mato_grosso
-52.5,-17.0,190,mato_grosso
-52.25,-17.0,191,mato_grosso
-52.0,-17.0,192,mato_grosso
-51.75,-17.0,193,mato_grosso
-51.5,-17.0,194,mato_grosso
-51.25,-17.0,195,mato_grosso
-51.0,-17.0,196,mato_grosso
-50.75,-17.0,197,mato_grosso
-50.5,-17.0,198,mato_grosso
-50.25,-17.0,199,mato_grosso
-60.0,-16.75,200,mato_grosso
-59.75,-16.75,201,mato_grosso
-59.5,-16.75,202,mato_grosso
-59.25,-16.75,203,mato_grosso
-59.0,-16.75,204,mato_grosso
-58.75,-16.75,205,mato_grosso
-58.5,-16.75,206,mato_grosso
-58.25,-16.75,207,mato_grosso
-58.0,-16.75,208,mato_grosso
-57.75,-16.75,209,mato_grosso
-57.5,-16.75,210,mato_grosso
-57.25,-16.75,211,mato_grosso
-57.0,-16.75,212,mato_grosso
-56.75,-16.75,213,mato_grosso
-56.5,-16.75,214,mato_grosso
-56.25,-16.75,215,mato_grosso
-56.0,-16.75,216,mato_grosso
-55.75,-16.75,217,mato_grosso
-55.5,-16.75,218,mato_grosso
-55.25,-16.75,219,mato_grosso
-55.0,-16.75,220,mato_grosso
-54.75,-16.75,221,mato_grosso
-54.5,-16.75,222,mato_grosso
-54.25,-16.75,223,mato_grosso
-54.0,-16.75,224,mato_grosso
-53.75,-16.75,225,mato_grosso
-53.5,-16.75,226,mato_grosso
-53.25,-16.75,227,mato_grosso
-53.0,-16.75,228,mato_grosso
-52.75,-16.75,229,mato_grosso
-52.5,-16.75,230,mato_grosso
-52.25,-16.75,231,mato_grosso
-52.0,-16.75,232,mato_grosso
-51.75,-16.75,233,mato_grosso
-51.5,-16.75,234,mato_grosso
-51.25,-16.75,235,mato_grosso
-51.0,-16.75,236,mato_grosso
-50.75,-16.75,237,mato_grosso
-50.5,-16.75,238,mato_grosso
-50.25,-16.75,239,mato_grosso
-60.0,-16.5,240,mato_grosso
-59.75,-16.5,241,mato_grosso
-59.5,-16.5,242,mato_grosso
-59.25,-16.5,243,mato_grosso
-59.0,-16.5,244,mato_grosso
-58.75,-16.5,245,mato_grosso
-58.5,-16.5,246,mato_grosso
-58.25,-16.5,247,mato_grosso
-58.0,-16.5,248,mato_grosso
-57.75,-16.5,249,mato_grosso
-57.5,-16.5,250,mato_grosso
-57.25,-16.5,251,mato_grosso
-57.0,-16.5,252,mato_grosso
-56.75,-16.5,253,mato_grosso
-56.5,-16.5,254,mato_grosso
-56.25,-16.5,255,mato_grosso
-56.0,-16.5,256,mato_grosso
-55.75,-16.5,257,mato_grosso
-55.5,-16.5,258,mato_grosso
-55.25,-16.5,259,mato_grosso
-55.0,-16.5,260,mato_grosso
-54.75,-16.5,261,mato_grosso
-54.5,-16.5,262,mato_grosso
-54.25,-16.5,263,mato_grosso
-54.0,-16.5,264,mato_grosso
-53.75,-16.5,265,mato_grosso
-53.5,-16.5,266,mato_grosso
-53.25,-16.5,267,mato_grosso
-53.0,-16.5,268,mato_grosso
-52.75,-16.5,269,mato_grosso
-52.5,-16.5,270,mato_grosso
-52.25,-16.5,271,mato_grosso
-52.0,-16.5,272,mato_grosso
-51.75,-16.5,273,mato_grosso
-51.5,-16.5,274,mato_grosso
-51.25,-16.5,275,mato_grosso
-51.0,-16.5,276,mato_grosso
-50.75,-16.5,277,mato_grosso
-50.5,-16.5,278,mato_grosso
-50.25,-16.5,279,mato_grosso
-60.0,-16.25,280,mato_grosso
-59.75,-16.25,281,mato_grosso
-59.5,-16.25,282,mato_grosso
-59.25,-16.25,283,mato_grosso
-59.0,-16.25,284,mato_grosso
-58.75,-16.25,285,mato_grosso
-58.5,-16.25,286,mato_grosso
-58.25,-16.25,287,mato_grosso
-58.0,-16.25,288,mato_grosso
-57.75,-16.25,289,mato_grosso
-57.5,-16.25,290,mato_grosso
-57.25,-16.25,291,mato_grosso
-57.0,-16.25,292,mato_grosso
-56.75,-16.25,293,mato_grosso
-56.5,-16.25,294,mato_grosso
-56.25,-16.25,295,mato_grosso
-56.0,-16.25,296,mato_grosso
-55.75,-16.25,297,mato_grosso
-55.5,-16.25,298,mato_grosso
-55.25,-16.25,299,mato_grosso
-55.0,-16.25,300,mato_grosso
-54.75,-16.25,301,mato_grosso
-54.5,-16.25,302,mato_grosso
-54.25,-16.25,303,mato_grosso
-54.0,-16.25,304,mato_grosso
-53.75,-16.25,305,mato_grosso
-53.5,-16.25,306,mato_grosso
-53.25,-16.25,307,mato_grosso
-53.0,-16.25,308,mato_grosso
-52.75,-16.25,309,mato_grosso
-52.5,-16.25,310,mato_grosso
-52.25,-16.25,311,mato_grosso
-52.0,-16.25,312,mato_grosso
-51.75,-16.25,313,mato_grosso
-51.5,-16.25,314,mato_grosso
-51.25,-16.25,315,mato_grosso
-51.0,-16.25,316,mato_grosso
-50.75,-16.25,317,mato_grosso
-50.5,-16.25,318,mato_grosso
-50.25,-16.25,319,mato_grosso
-60.0,-16.0,320,mato_grosso
-59.75,-16.0,321,mato_grosso
-59.5,-16.0,322,mato_grosso
-59.25,-16.0,323,mato_grosso
-59.0,-16.0,324,mato_grosso
-58.75,-16.0,325,mato_grosso
-58.5,-16.0,326,mato_grosso
-58.25,-16.0,327,mato_grosso
-58.0,-16.0,328,mato_grosso
-57.75,-16.0,329,mato_grosso
-57.5,-16.0,330,mato_grosso
-57.25,-16.0,331,mato_grosso
-57.0,-16.0,332,mato_grosso
-56.75,-16.0,333,mato_grosso
-56.5,-16.0,334,mato_grosso
-56.25,-16.0,335,mato_grosso
-56.0,-16.0,336,mato_grosso
-55.75,-16.0,337,mato_grosso
-55.5,-16.0,338,mato_grosso
-55.25,-16.0,339,mato_grosso
-55.0,-16.0,340,mato_grosso
-54.75,-16.0,341,mato_grosso
-54.5,-16.0,342,mato_grosso
-54.25,-16.0,343,mato_grosso
-54.0,-16.0,344,mato_grosso
-53.75,-16.0,345,mato_grosso
-53.5,-16.0,346,mato_grosso
-53.25,-16.0,347,mato_grosso
-53.0,-16.0,348,mato_grosso
-52.75,-16.0,349,mato_grosso
-52.5,-16.0,350,mato_grosso
-52.25,-16.0,351,mato_grosso
-52.0,-16.0,352,mato_grosso
-51.75,-16.0,353,mato_grosso
-51.5,-16.0,354,mato_grosso
-51.25,-16.0,355,mato_grosso
-51.0,-16.0,356,mato_grosso
-50.75,-16.0,357,mato_grosso
-50.5,-16.0,358,mato_grosso
-50.25,-16.0,359,mato_grosso
-60.0,-15.75,360,mato_grosso
-59.75,-15.75,361,mato_grosso
-59.5,-15.75,362,mato_grosso
-59.25,-15.75,363,mato_grosso
-59.0,-15.75,364,mato_grosso
-58.75,-15.75,365,mato_grosso
-58.5,-15.75,366,mato_grosso
-58.25,-15.75,367,mato_grosso
-58.0,-15.75,368,mato_grosso
-57.75,-15.75,369,mato_grosso
-57.5,-15.75,370,mato_grosso
-57.25,-15.75,371,mato_grosso
-57.0,-15.75,372,mato_grosso
-56.75,-15.75,373,mato_grosso
-56.5,-15.75,374,mato_grosso
-56.25,-15.75,375,mato_grosso
-56.0,-15.75,376,mato_grosso
-55.75,-15.75,377,mato_grosso
-55.5,-15.75,378,mato_grosso
-55.25,-15.75,379,mato_grosso
-55.0,-15.75,380,mato_grosso
-54.75,-15.75,381,mato_grosso
-54.5,-15.75,382,mato_grosso
-54.25,-15.75,383,mato_grosso
-54.0,-15.75,384,mato_grosso
-53.75,-15.75,385,mato_grosso
-53.5,-15.75,386,mato_grosso
-53.25,-15.75,387,mato_grosso
-53.0,-15.75,388,mato_grosso
-52.75,-15.75,389,mato_grosso
-52.5,-15.75,390,mato_grosso
-52.25,-15.75,391,mato_grosso
-52.0,-15.75,392,mato_grosso
-51.75,-15.75,393,mato_grosso
-51.5,-15.75,394,mato_grosso
-51.25,-15.75,395,mato_grosso
-51.0,-15.75,396,mato_grosso
-50.75,-15.75,397,mato_grosso
-50.5,-15.75,398,mato_grosso
-50.25,-15.75,399,mato_grosso
-60.0,-15.5,400,mato_grosso
-59.75,-15.5,401,mato_grosso
-59.5,-15.5,402,mato_grosso
-59.25,-15.5,403,mato_grosso
-59.0,-15.5,404,mato_grosso
-58.75,-15.5,405,mato_grosso
-58.5,-15.5,406,mato_grosso
-58.25,-15.5,407,mato_grosso
-58.0,-15.5,408,mato_grosso
-57.75,-15.5,409,mato_grosso
-57.5,-15.5,410,mato_grosso
-57.25,-15.5,411,mato_grosso
-57.0,-15.5,412,mato_grosso
-56.75,-15.5,413,mato_grosso
-56.5,-15.5,414,mato_grosso
-56.25,-15.5,415,mato_grosso
-56.0,-15.5,416,mato_grosso
-55.75,-15.5,417,mato_grosso
-55.5,-15.5,418,mato_grosso
-55.25,-15.5,419,mato_grosso
-55.0,-15.5,420,mato_grosso
-54.75,-15.5,421,mato_grosso
-54.5,-15.5,422,mato_grosso
-54.25,-15.5,423,mato_grosso
-54.0,-15.5,424,mato_grosso
-53.75,-15.5,425,mato_grosso
-53.5,-15.5,426,mato_grosso
-53.25,-15.5,427,mato_grosso
-53.0,-15.5,428,mato_grosso
-52.75,-15.5,429,mato_grosso
-52.5,-15.5,430,mato_grosso
-52.25,-15.5,431,mato_grosso
-52.0,-15.5,432,mato_grosso
-51.75,-15.5,433,mato_grosso
-51.5,-15.5,434,mato_grosso
-51.25,-15.5,435,mato_grosso
-51.0,-15.5,436,mato_grosso
-50.75,-15.5,437,mato_grosso
-50.5,-15.5,438,mato_grosso
-50.25,-15.5,439,mato_grosso
-60.0,-15.25,440,mato_grosso
-59.75,-15.25,441,mato_grosso
-59.5,-15.25,442,mato_grosso
-59.25,-15.25,443,mato_grosso
-59.0,-15.25,444,mato_grosso
-58.75,-15.25,445,mato_grosso
-58.5,-15.25,446,mato_grosso
-58.25,-15.25,447,mato_grosso
-58.0,-15.25,448,mato_grosso
-57.75,-15.25,449,mato_grosso
-57.5,-15.25,450,mato_grosso
-57.25,-15.25,451,mato_grosso
-57.0,-15.25,452,mato_grosso
-56.75,-15.25,453,mato_grosso
-56.5,-15.25,454,mato_grosso
-56.25,-15.25,455,mato_grosso
-56.0,-15.25,456,mato_grosso
-55.75,-15.25,457,mato_grosso
-55.5,-15.25,458,mato_grosso
-55.25,-15.25,459,mato_grosso
-55.0,-15.25,460,mato_grosso
-54.75,-15.25,461,mato_grosso
-54.5,-15.25,462,mato_grosso
-54.25,-15.25,463,mato_grosso
-54.0,-15.25,464,mato_grosso
-53.75,-15.25,465,mato_grosso
-53.5,-15.25,466,mato_grosso
-53.25,-15.25,467,mato_grosso
-53.0,-15.25,468,mato_grosso
-52.75,-15.25,469,mato_grosso
-52.5,-15.25,470,mato_grosso
-52.25,-15.25,471,mato_grosso
-52.0,-15.25,472,mato_grosso
-51.75,-15.25,473,mato_grosso
-51.5,-15.25,474,mato_grosso
-51.25,-15.25,475,mato_grosso
-51.0,-15.25,476,mato_grosso
-50.75,-15.25,477,mato_grosso
-50.5,-15.25,478,mato_grosso
-50.25,-15.25,479,mato_grosso
-60.0,-15.0,480,mato_grosso
-59.75,-15.0,481,mato_grosso
-59.5,-15.0,482,mato_grosso
-59.25,-15.0,483,mato_grosso
-59.0,-15.0,484,mato_grosso
-58.75,-15.0,485,mato_grosso
-58.5,-15.0,486,mato_grosso
-58.25,-15.0,487,mato_grosso
-58.0,-15.0,488,mato_grosso
-57.75,-15.0,489,mato_grosso
-57.5,-15.0,490,mato_grosso
-57.25,-15.0,491,mato_grosso
-57.0,-15.0,492,mato_grosso
-56.75,-15.0,493,mato_grosso
-56.5,-15.0,494,mato_grosso
-56.25,-15.0,495,mato_grosso
-56.0,-15.0,496,mato_grosso
-55.75,-15.0,497,mato_grosso
-55.5,-15.0,498,mato_grosso
-55.25,-15.0,499,mato_grosso
-55.0,-15.0,500,mato_grosso
-54.75,-15.0,501,mato_grosso
-54.5,-15.0,502,mato_grosso
-54.25,-15.0,503,mato_grosso
-54.0,-15.0,504,mato_grosso
-53.75,-15.0,505,mato_grosso
-53.5,-15.0,506,mato_grosso
-53.25,-15.0,507,mato_grosso
-53.0,-15.0,508,mato_grosso
-52.75,-15.0,509,mato_grosso
-52.5,-15.0,510,mato_grosso
-52.25,-15.0,511,mato_grosso
-52.0,-15.0,512,mato_grosso
-51.75,-15.0,513,mato_grosso
-51.5,-15.0,514,mato_grosso
-51.25,-15.0,515,mato_grosso
-51.0,-15.0,516,mato_grosso
-50.75,-15.0,517,mato_grosso
-50.5,-15.0,518,mato_grosso
-50.25,-15.0,519,mato_grosso
-60.0,-14.75,520,mato_grosso
-59.75,-14.75,521,mato_grosso
-59.5,-14.75,522,mato_grosso
-59.25,-14.75,523,mato_grosso
-59.0,-14.75,524,mato_grosso
-58.75,-14.75,525,mato_grosso
-58.5,-14.75,526,mato_grosso
-58.25,-14.75,527,mato_grosso
-58.0,-14.75,528,mato_grosso
-57.75,-14.75,529,mato_grosso
-57.5,-14.75,530,mato_grosso
-57.25,-14.75,531,mato_grosso
-57.0,-14.75,532,mato_grosso
-56.75,-14.75,533,mato_grosso
-56.5,-14.75,534,mato_grosso
-56.25,-14.75,535,mato_grosso
-56.0,-14.75,536,mato_grosso
-55.75,-14.75,537,mato_grosso
-55.5,-14.75,538,mato_grosso
-55.25,-14.75,539,mato_grosso
-55.0,-14.75,540,mato_grosso
-54.75,-14.75,541,mato_grosso
-54.5,-14.75,542,mato_grosso
-54.25,-14.75,543,mato_grosso
-54.0,-14.75,544,mato_grosso
-53.75,-14.75,545,mato_grosso
-53.5,-14.75,546,mato_grosso
-53.25,-14.75,547,mato_grosso
-53.0,-14.75,548,mato_grosso
-52.75,-14.75,549,mato_grosso
-52.5,-14.75,550,mato_grosso
-52.25,-14.75,551,mato_grosso
-52.0,-14.75,552,mato_grosso
-51.75,-14.75,553,mato_grosso
-51.5,-14.75,554,mato_grosso
-51.25,-14.75,555,mato_grosso
-51.0,-14.75,556,mato_grosso
-50.75,-14.75,557,mato_grosso
-50.5,-14.75,558,mato_grosso
-50.25,-14.75,559,mato_grosso
-60.0,-14.5,560,mato_grosso
-59.75,-14.5,561,mato_grosso
-59.5,-14.5,562,mato_grosso
-59.25,-14.5,563,mato_grosso
-59.0,-14.5,564,mato_grosso
-58.75,-14.5,565,mato_grosso
-58.5,-14.5,566,mato_grosso
-58.25,-14.5,567,mato_grosso
-58.0,-14.5,568,mato_grosso
-57.75,-14.5,569,mato_grosso
-57.5,-14.5,570,mato_grosso
-57.25,-14.5,571,mato_grosso
-57.0,-14.5,572,mato_grosso
-56.75,-14.5,573,mato_grosso
-56.5,-14.5,574,mato_grosso
-56.25,-14.5,575,mato_grosso
-56.0,-14.5,576,mato_grosso
-55.75,-14.5,577,mato_grosso
-55.5,-14.5,578,mato_grosso
-55.25,-14.5,579,mato_grosso
-55.0,-14.5,580,mato_grosso
-54.75,-14.5,581,mato_grosso
-54.5,-14.5,582,mato_grosso
-54.25,-14.5,583,mato_grosso
-54.0,-14.5,584,mato_grosso
-53.75,-14.5,585,mato_grosso
-53.5,-14.5,586,mato_grosso
-53.25,-14.5,587,mato_grosso
-53.0,-14.5,588,mato_grosso
-52.75,-14.5,589,mato_grosso
-52.5,-14.5,590,mato_grosso
-52.25,-14.5,591,mato_grosso
-52.0,-14.5,592,mato_grosso
-51.75,-14.5,593,mato_grosso
-51.5,-14.5,594,mato_grosso
-51.25,-14.5,595,mato_grosso
-51.0,-14.5,596,mato_grosso
-50.75,-14.5,597,mato_grosso
-50.5,-14.5,598,mato_grosso
-50.25,-14.5,599,mato_grosso
-60.0,-14.25,600,mato_grosso
-59.75,-14.25,601,mato_grosso
-59.5,-14.25,602,mato_grosso
-59.25,-14.25,603,mato_grosso
-59.0,-14.25,604,mato_grosso
-58.75,-14.25,605,mato_grosso
-58.5,-14.25,606,mato_grosso
-58.25,-14.25,607,mato_grosso
-58.0,-14.25,608,mato_grosso
-57.75,-14.25,609,mato_grosso
-57.5,-14.25,610,mato_grosso
-57.25,-14.25,611,mato_grosso
-57.0,-14.25,612,mato_grosso
-56.75,-14.25,613,mato_grosso
-56.5,-14.25,614,mato_grosso
-56.25,-14.25,615,mato_grosso
-56.0,-14.25,616,mato_grosso
-55.75,-14.25,617,mato_grosso
-55.5,-14.25,618,mato_grosso
-55.25,-14.25,619,mato_grosso
-55.0,-14.25,620,mato_grosso
-54.75,-14.25,621,mato_grosso
-54.5,-14.25,622,mato_grosso
-54.25,-14.25,623,mato_grosso
-54.0,-14.25,624,mato_grosso
-53.75,-14.25,625,mato_grosso
-53.5,-14.25,626,mato_grosso
-53.25,-14.25,627,mato_grosso
-53.0,-14.25,628,mato_grosso
-52.75,-14.25,629,mato_grosso
-52.5,-14.25,630,mato_grosso
-52.25,-14.25,631,mato_grosso
-52.0,-14.25,632,mato_grosso
-51.75,-14.25,633,mato_grosso
-51.5,-14.25,634,mato_grosso
-51.25,-14.25,635,mato_grosso
-51.0,-14.25,636,mato_grosso
-50.75,-14.25,637,mato_grosso
-50.5,-14.25,638,mato_grosso
-50.25,-14.25,639,mato_grosso
-60.0,-14.0,640,mato_grosso
-59.75,-14.0,641,mato_grosso
-59.5,-14.0,642,mato_grosso
-59.25,-14.0,643,mato_grosso
-59.0,-14.0,644,mato_grosso
-58.75,-14.0,645,mato_grosso
-58.5,-14.0,646,mato_grosso
-58.25,-14.0,647,mato_grosso
-58.0,-14.0,648,mato_grosso
-57.75,-14.0,649,mato_grosso
-57.5,-14.0,650,mato_grosso
-57.25,-14.0,651,mato_grosso
-57.0,-14.0,652,mato_grosso
-56.75,-14.0,653,mato_grosso
-56.5,-14.0,654,mato_grosso
-56.25,-14.0,655,mato_grosso
-56.0,-14.0,656,mato_grosso
-55.75,-14.0,657,mato_grosso
-55.5,-14.0,658,mato_grosso
-55.25,-14.0,659,mato_grosso
-55.0,-14.0,660,mato_grosso
-54.75,-14.0,661,mato_grosso
-54.5,-14.0,662,mato_grosso
-54.25,-14.0,663,mato_grosso
-54.0,-14.0,664,mato_grosso
-53.75,-14.0,665,mato_grosso
-53.5,-14.0,666,mato_grosso
-53.25,-14.0,667,mato_grosso
-53.0,-14.0,668,mato_grosso
-52.75,-14.0,669,mato_grosso
-52.5,-14.0,670,mato_grosso
-52.25,-14.0,671,mato_grosso
-52.0,-14.0,672,mato_grosso
-51.75,-14.0,673,mato_grosso
-51.5,-14.0,674,mato_grosso
-51.25,-14.0,675,mato_grosso
-51.0,-14.0,676,mato_grosso
-50.75,-14.0,677,mato_grosso
-50.5,-14.0,678,mato_grosso
-50.25,-14.0,679,mato_grosso
-60.0,-13.75,680,mato_grosso
-59.75,-13.75,681,mato_grosso
-59.5,-13.75,682,mato_grosso
-59.25,-13.75,683,mato_grosso
-59.0,-13.75,684,mato_grosso
-58.75,-13.75,685,mato_grosso
-58.5,-13.75,686,mato_grosso
-58.25,-13.75,687,mato_grosso
-58.0,-13.75,688,mato_grosso
-57.75,-13.75,689,mato_grosso
-57.5,-13.75,690,mato_grosso
-57.25,-13.75,691,mato_grosso
-57.0,-13.75,692,mato_grosso
-56.75,-13.75,693,mato_grosso
-56.5,-13.75,694,mato_grosso
-56.25,-13.75,695,mato_grosso
-56.0,-13.75,696,mato_grosso
-55.75,-13.75,697,mato_grosso
-55.5,-13.75,698,mato_grosso
-55.25,-13.75,699,mato_grosso
-55.0,-13.75,700,mato_grosso
-54.75,-13.75,701,mato_grosso
-54.5,-13.75,702,mato_grosso
-54.25,-13.75,703,mato_grosso
-54.0,-13.75,704,mato_grosso
-53.75,-13.75,705,mato_grosso
-53.5,-13.75,706,mato_grosso
-53.25,-13.75,707,mato_grosso
-53.0,-13.75,708,mato_grosso
-52.75,-13.75,709,mato_grosso
-52.5,-13.75,710,mato_grosso
-52.25,-13.75,711,mato_grosso
-52.0,-13.75,712,mato_grosso
-51.75,-13.75,713,mato_grosso
-51.5,-13.75,714,mato_grosso
-51.25,-13.75,715,mato_grosso
-51.0,-13.75,716,mato_grosso
-50.75,-13.75,717,mato_grosso
-50.5,-13.75,718,mato_grosso
-50.25,-13.75,719,mato_grosso
-60.0,-13.5,720,mato_grosso
-59.75,-13.5,721,mato_grosso
-59.5,-13.5,722,mato_grosso
-59.25,-13.5,723,mato_grosso
-59.0,-13.5,724,mato_grosso
-58.75,-13.5,725,mato_grosso
-58.5,-13.5,726,mato_grosso
-58.25,-13.5,727,mato_grosso
-58.0,-13.5,728,mato_grosso
-57.75,-13.5,729,mato_grosso
-57.5,-13.5,730,mato_grosso
-57.25,-13.5,731,mato_grosso
-57.0,-13.5,732,mato_grosso
-56.75,-13.5,733,mato_grosso
-56.5,-13.5,734,mato_grosso
-56.25,-13.5,735,mato_grosso
-56.0,-13.5,736,mato_grosso
-55.75,-13.5,737,mato_grosso
-55.5,-13.5,738,mato_grosso
-55.25,-13.5,739,mato_grosso
-55.0,-13.5,740,mato_grosso
-54.75,-13.5,741,mato_grosso
-54.5,-13.5,742,mato_grosso
-54.25,-13.5,743,mato_grosso
-54.0,-13.5,744,mato_grosso
-53.75,-13.5,745,mato_grosso
-53.5,-13.5,746,mato_grosso
-53.25,-13.5,747,mato_grosso
-53.0,-13.5,748,mato_grosso
-52.75,-13.5,749,mato_grosso
-52.5,-13.5,750,mato_grosso
-52.25,-13.5,751,mato_grosso
-52.0,-13.5,752,mato_grosso
-51.75,-13.5,753,mato_grosso
-51.5,-13.5,754,mato_grosso
-51.25,-13.5,755,mato_grosso
-51.0,-13.5,756,mato_grosso
-50.75,-13.5,757,mato_grosso
-50.5,-13.5,758,mato_grosso
-50.25,-13.5,759,mato_grosso
-60.0,-13.25,760,mato_grosso
-59.75,-13.25,761,mato_grosso
-59.5,-13.25,762,mato_grosso
-59.25,-13.25,763,mato_grosso
-59.0,-13.25,764,mato_grosso
-58.75,-13.25,765,mato_grosso
-58.5,-13.25,766,mato_grosso
-58.25,-13.25,767,mato_grosso
-58.0,-13.25,768,mato_grosso
-57.75,-13.25,769,mato_grosso
-57.5,-13.25,770,mato_grosso
-57.25,-13.25,771,mato_grosso
-57.0,-13.25,772,mato_grosso
-56.75,-13.25,773,mato_grosso
-56.5,-13.25,774,mato_grosso
-56.25,-13.25,775,mato_grosso
-56.0,-13.25,776,mato_grosso
-55.75,-13.25,777,mato_grosso
-55.5,-13.25,778,mato_grosso
-55.25,-13.25,779,mato_grosso
-55.0,-13.25,780,mato_grosso
-54.75,-13.25,781,mato_grosso
-54.5,-13.25,782,mato_grosso
-54.25,-13.25,783,mato_grosso
-54.0,-13.25,784,mato_grosso
-53.75,-13.25,785,mato_grosso
-53.5,-13.25,786,mato_grosso
-53.25,-13.25,787,mato_grosso
-53.0,-13.25,788,mato_grosso
-52.75,-13.25,789,mato_grosso
-52.5,-13.25,790,mato_grosso
-52.25,-13.25,791,mato_grosso
-52.0,-13.25,792,mato_grosso
-51.75,-13.25,793,mato_grosso
-51.5,-13.25,794,mato_grosso
-51.25,-13.25,795,mato_grosso
-51.0,-13.25,796,mato_grosso
-50.75,-13.25,797,mato_grosso
-50.5,-13.25,798,mato_grosso
-50.25,-13.25,799,mato_grosso
-60.0,-13.0,800,mato_grosso
-59.75,-13.0,801,mato_grosso
-59.5,-13.0,802,mato_grosso
-59.25,-13.0,803,mato_grosso
-59.0,-13.0,804,mato_grosso
-58.75,-13.0,805,mato_grosso
-58.5,-13.0,806,mato_grosso
-58.25,-13.0,807,mato_grosso
-58.0,-13.0,808,mato_grosso
-57.75,-13.0,809,mato_grosso
-57.5,-13.0,810,mato_grosso
-57.25,-13.0,811,mato_grosso
-57.0,-13.0,812,mato_grosso
-56.75,-13.0,813,mato_grosso
-56.5,-13.0,814,mato_grosso
-56.25,-13.0,815,mato_grosso
-56.0,-13.0,816,mato_grosso
-55.75,-13.0,817,mato_grosso
-55.5,-13.0,818,mato_grosso
-55.25,-13.0,819,mato_grosso
-55.0,-13.0,820,mato_grosso
-54.75,-13.0,821,mato_grosso
-54.5,-13.0,822,mato_grosso
-54.25,-13.0,823,mato_grosso
-54.0,-13.0,824,mato_grosso
-53.75,-13.0,825,mato_grosso
-53.5,-13.0,826,mato_grosso
-53.25,-13.0,827,mato_grosso
-53.0,-13.0,828,mato_grosso
-52.75,-13.0,829,mato_grosso
-52.5,-13.0,830,mato_grosso
-52.25,-13.0,831,mato_grosso
-52.0,-13.0,832,mato_grosso
-51.75,-13.0,833,mato_grosso
-51.5,-13.0,834,mato_grosso
-51.25,-13.0,835,mato_grosso
-51.0,-13.0,836,mato_grosso
-50.75,-13.0,837,mato_grosso
-50.5,-13.0,838,mato_grosso
-50.25,-13.0,839,mato_grosso
-60.0,-12.75,840,mato_grosso
-59.75,-12.75,841,mato_grosso
-59.5,-12.75,842,mato_grosso
-59.25,-12.75,843,mato_grosso
-59.0,-12.75,844,mato_grosso
-58.75,-12.75,845,mato_grosso
-58.5,-12.75,846,mato_grosso
-58.25,-12.75,847,mato_grosso
-58.0,-12.75,848,mato_grosso
-57.75,-12.75,849,mato_grosso
-57.5,-12.75,850,mato_grosso
-57.25,-12.75,851,mato_grosso
-57.0,-12.75,852,mato_grosso
-56.75,-12.75,853,mato_grosso
-56.5,-12.75,854,mato_grosso
-56.25,-12.75,855,mato_grosso
-56.0,-12.75,856,mato_grosso
-55.75,-12.75,857,mato_grosso
-55.5,-12.75,858,mato_grosso
-55.25,-12.75,859,mato_grosso
-55.0,-12.75,860,mato_grosso
-54.75,-12.75,861,mato_grosso
-54.5,-12.75,862,mato_grosso
-54.25,-12.75,863,mato_grosso
-54.0,-12.75,864,mato_grosso
-53.75,-12.75,865,mato_grosso
-53.5,-12.75,866,mato_grosso
-53.25,-12.75,867,mato_grosso
-53.0,-12.75,868,mato_grosso
-52.75,-12.75,869,mato_grosso
-52.5,-12.75,870,mato_grosso
-52.25,-12.75,871,mato_grosso
-52.0,-12.75,872,mato_grosso
-51.75,-12.75,873,mato_grosso
-51.5,-12.75,874,mato_grosso
-51.25,-12.75,875,mato_grosso
-51.0,-12.75,876,mato_grosso
-50.75,-12.75,877,mato_grosso
-50.5,-12.75,878,mato_grosso
-50.25,-12.75,879,mato_grosso
-60.0,-12.5,880,mato_grosso
-59.75,-12.5,881,mato_grosso
-59.5,-12.5,882,mato_grosso
-59.25,-12.5,883,mato_grosso
-59.0,-12.5,884,mato_grosso
-58.75,-12.5,885,mato_grosso
-58.5,-12.5,886,mato_grosso
-58.25,-12.5,887,mato_grosso
-58.0,-12.5,888,mato_grosso
-57.75,-12.5,889,mato_grosso
-57.5,-12.5,890,mato_grosso
-57.25,-12.5,891,mato_grosso
-57.0,-12.5,892,mato_grosso
-56.75,-12.5,893,mato_grosso
-56.5,-12.5,894,mato_grosso
-56.25,-12.5,895,mato_grosso
-56.0,-12.5,896,mato_grosso
-55.75,-12.5,897,mato_grosso
-55.5,-12.5,898,mato_grosso
-55.25,-12.5,899,mato_grosso
-55.0,-12.5,900,mato_grosso
-54.75,-12.5,901,mato_grosso
-54.5,-12.5,902,mato_grosso
-54.25,-12.5,903,mato_grosso
-54.0,-12.5,904,mato_grosso
-53.75,-12.5,905,mato_grosso
-53.5,-12.5,906,mato_grosso
-53.25,-12.5,907,mato_grosso
-53.0,-12.5,908,mato_grosso
-52.75,-12.5,909,mato_grosso
-52.5,-12.5,910,mato_grosso
-52.25,-12.5,911,mato_grosso
-52.0,-12.5,912,mato_grosso
-51.75,-12.5,913,mato_grosso
-51.5,-12.5,914,mato_grosso
-51.25,-12.5,915,mato_grosso
-51.0,-12.5,916,mato_grosso
-50.75,-12.5,917,mato_grosso
-50.5,-12.5,918,mato_grosso
-50.25,-12.5,919,mato_grosso
-60.0,-12.25,920,mato_grosso
-59.75,-12.25,921,mato_grosso
-59.5,-12.25,922,mato_grosso
-59.25,-12.25,923,mato_grosso
-59.0,-12.25,924,mato_grosso
-58.75,-12.25,925,mato_grosso
-58.5,-12.25,926,mato_grosso
-58.25,-12.25,927,mato_grosso
-58.0,-12.25,928,mato_grosso
-57.75,-12.25,929,mato_grosso
-57.5,-12.25,930,mato_grosso
-57.25,-12.25,931,mato_grosso
-57.0,-12.25,932,mato_grosso
-56.75,-12.25,933,mato_grosso
-56.5,-12.25,934,mato_grosso
-56.25,-12.25,935,mato_grosso
-56.0,-12.25,936,mato_grosso
-55.75,-12.25,937,mato_grosso
-55.5,-12.25,938,mato_grosso
-55.25,-12.25,939,mato_grosso
-55.0,-12.25,940,mato_grosso
-54.75,-12.25,941,mato_grosso
-54.5,-12.25,942,mato_grosso
-54.25,-12.25,943,mato_grosso
-54.0,-12.25,944,mato_grosso
-53.75,-12.25,945,mato_grosso
-53.5,-12.25,946,mato_grosso
-53.25,-12.25,947,mato_grosso
-53.0,-12.25,948,mato_grosso
-52.75,-12.25,949,mato_grosso
-52.5,-12.25,950,mato_grosso
-52.25,-12.25,951,mato_grosso
-52.0,-12.25,952,mato_grosso
-51.75,-12.25,953,mato_grosso
-51.5,-12.25,954,mato_grosso
-51.25,-12.25,955,mato_grosso
-51.0,-12.25,956,mato_grosso
-50.75,-12.25,957,mato_grosso
-50.5,-12.25,958,mato_grosso
-50.25,-12.25,959,mato_grosso
-60.0,-12.0,960,mato_grosso
-59.75,-12.0,961,mato_grosso
-59.5,-12.0,962,mato_grosso
-59.25,-12.0,963,mato_grosso
-59.0,-12.0,964,mato_grosso
-58.75,-12.0,965,mato_grosso
-58.5,-12.0,966,mato_grosso
-58.25,-12.0,967,mato_grosso
-58.0,-12.0,968,mato_grosso
-57.75,-12.0,969,mato_grosso
-57.5,-12.0,970,mato_grosso
-57.25,-12.0,971,mato_grosso
-57.0,-12.0,972,mato_grosso
-56.75,-12.0,973,mato_grosso
-56.5,-12.0,974,mato_grosso
-56.25,-12.0,975,mato_grosso
-56.0,-12.0,976,mato_grosso
-55.75,-12.0,977,mato_grosso
-55.5,-12.0,978,mato_grosso
-55.25,-12.0,979,mato_grosso
-55.0,-12.0,980,mato_grosso
-54.75,-12.0,981,mato_grosso
-54.5,-12.0,982,mato_grosso
-54.25,-12.0,983,mato_grosso
-54.0,-12.0,984,mato_grosso
-53.75,-12.0,985,mato_grosso
-53.5,-12.0,986,mato_grosso
-53.25,-12.0,987,mato_grosso
-53.0,-12.0,988,mato_grosso
-52.75,-12.0,989,mato_grosso
-52.5,-12.0,990,mato_grosso
-52.25,-12.0,991,mato_grosso
-52.0,-12.0,992,mato_grosso
-51.75,-12.0,993,mato_grosso
-51.5,-12.0,994,mato_grosso
-51.25,-12.0,995,mato_grosso
-51.0,-12.0,996,mato_grosso
-50.75,-12.0,997,mato_grosso
-50.5,-12.0,998,mato_grosso
-50.25,-12.0,999,mato_grosso
-60.0,-11.75,1000,mato_grosso
-59.75,-11.75,1001,mato_grosso
-59.5,-11.75,1002,mato_grosso
-59.25,-11.75,1003,mato_grosso
-59.0,-11.75,1004,mato_grosso
-58.75,-11.75,1005,mato_grosso
-58.5,-11.75,1006,mato_grosso
-58.25,-11.75,1007,mato_grosso
-58.0,-11.75,1008,mato_grosso
-57.75,-11.75,1009,mato_grosso
-57.5,-11.75,1010,mato_grosso
-57.25,-11.75,1011,mato_grosso
-57.0,-11.75,1012,mato_grosso
-56.75,-11.75,1013,mato_grosso
-56.5,-11.75,1014,mato_grosso
-56.25,-11.75,1015,mato_grosso
-56.0,-11.75,1016,mato_grosso
-55.75,-11.75,1017,mato_grosso
-55.5,-11.75,1018,mato_grosso
-55.25,-11.75,1019,mato_grosso
-55.0,-11.75,1020,mato_grosso
-54.75,-11.75,1021,mato_grosso
-54.5,-11.75,1022,mato_grosso
-54.25,-11.75,1023,mato_grosso
-54.0,-11.75,1024,mato_grosso
-53.75,-11.75,1025,mato_grosso
-53.5,-11.75,1026,mato_grosso
-53.25,-11.75,1027,mato_grosso
-53.0,-11.75,1028,mato_grosso
-52.75,-11.75,1029,mato_grosso
-52.5,-11.75,1030,mato_grosso
-52.25,-11.75,1031,mato_grosso
-52.0,-11.75,1032,mato_grosso
-51.75,-11.75,1033,mato_grosso
-51.5,-11.75,1034,mato_grosso
-51.25,-11.75,1035,mato_grosso
-51.0,-11.75,1036,mato_grosso
-50.75,-11.75,1037,mato_grosso
-50.5,-11.75,1038,mato_grosso
-50.25,-11.75,1039,mato_grosso
-60.0,-11.5,1040,mato_grosso
-59.75,-11.5,1041,mato_grosso
-59.5,-11.5,1042,mato_grosso
-59.25,-11.5,1043,mato_grosso
-59.0,-11.5,1044,mato_grosso
-58.75,-11.5,1045,mato_grosso
-58.5,-11.5,1046,mato_grosso
-58.25,-11.5,1047,mato_grosso
-58.0,-11.5,1048,mato_grosso
-57.75,-11.5,1049,mato_grosso
-57.5,-11.5,1050,mato_grosso
-57.25,-11.5,1051,mato_grosso
-57.0,-11.5,1052,mato_grosso
-56.75,-11.5,1053,mato_grosso
-56.5,-11.5,1054,mato_grosso
-56.25,-11.5,1055,mato_grosso
-56.0,-11.5,1056,mato_grosso
-55.75,-11.5,1057,mato_grosso
-55.5,-11.5,1058,mato_grosso
-55.25,-11.5,1059,mato_grosso
-55.0,-11.5,1060,mato_grosso
-54.75,-11.5,1061,mato_grosso
-54.5,-11.5,1062,mato_grosso
-54.25,-11.5,1063,mato_grosso
-54.0,-11.5,1064,mato_grosso
-53.75,-11.5,1065,mato_grosso
-53.5,-11.5,1066,mato_grosso
-53.25,-11.5,1067,mato_grosso
-53.0,-11.5,1068,mato_grosso
-52.75,-11.5,1069,mato_grosso
-52.5,-11.5,1070,mato_grosso
-52.25,-11.5,1071,mato_grosso
-52.0,-11.5,1072,mato_grosso
-51.75,-11.5,1073,mato_grosso
-51.5,-11.5,1074,mato_grosso
-51.25,-11.5,1075,mato_grosso
-51.0,-11.5,1076,mato_grosso
-50.75,-11.5,1077,mato_grosso
-50.5,-11.5,1078,mato_grosso
-50.25,-11.5,1079,mato_grosso
-60.0,-11.25,1080,mato_grosso
-59.75,-11.25,1081,mato_grosso
-59.5,-11.25,1082,mato_grosso
-59.25,-11.25,1083,mato_grosso
-59.0,-11.25,1084,mato_grosso
-58.75,-11.25,1085,mato_grosso
-58.5,-11.25,1086,mato_grosso
-58.25,-11.25,1087,mato_grosso
-58.0,-11.25,1088,mato_grosso
-57.75,-11.25,1089,mato_grosso
-57.5,-11.25,1090,mato_grosso
-57.25,-11.25,1091,mato_grosso
-57.0,-11.25,1092,mato_grosso
-56.75,-11.25,1093,mato_grosso
-56.5,-11.25,1094,mato_grosso
-56.25,-11.25,1095,mato_grosso
-56.0,-11.25,1096,mato_grosso
-55.75,-11.25,1097,mato_grosso
-55.5,-11.25,1098,mato_grosso
-55.25,-11.25,1099,mato_grosso
-55.0,-11.25,1100,mato_grosso
-54.75,-11.25,1101,mato_grosso
-54.5,-11.25,1102,mato_grosso
-54.25,-11.25,1103,mato_grosso
-54.0,-11.25,1104,mato_grosso
-53.75,-11.25,1105,mato_grosso
-53.5,-11.25,1106,mato_grosso
-53.25,-11.25,1107,mato_grosso
-53.0,-11.25,1108,mato_grosso
-52.75,-11.25,1109,mato_grosso
-52.5,-11.25,1110,mato_grosso
-52.25,-11.25,1111,mato_grosso
-52.0,-11.25,1112,mato_grosso
-51.75,-11.25,1113,mato_grosso
-51.5,-11.25,1114,mato_grosso
-51.25,-11.25,1115,mato_grosso
-51.0,-11.25,1116,mato_grosso
-50.75,-11.25,1117,mato_grosso
-50.5,-11.25,1118,mato_grosso
-50.25,-11.25,1119,mato_grosso
-60.0,-11.0,1120,mato_grosso
-59.75,-11.0,1121,mato_grosso
-59.5,-11.0,1122,mato_grosso
-59.25,-11.0,1123,mato_grosso
-59.0,-11.0,1124,mato_grosso
-58.75,-11.0,1125,mato_grosso
-58.5,-11.0,1126,mato_grosso
-58.25,-11.0,1127,mato_grosso
-58.0,-11.0,1128,mato_grosso
-57.75,-11.0,1129,mato_grosso
-57.5,-11.0,1130,mato_grosso
-57.25,-11.0,1131,mato_grosso
-57.0,-11.0,1132,mato_grosso
-56.75,-11.0,1133,mato_grosso
-56.5,-11.0,1134,mato_grosso
-56.25,-11.0,1135,mato_grosso
-56.0,-11.0,1136,mato_grosso
-55.75,-11.0,1137,mato_grosso
-55.5,-11.0,1138,mato_grosso
-55.25,-11.0,1139,mato_grosso
-55.0,-11.0,1140,mato_grosso
-54.75,-11.0,1141,mato_grosso
-54.5,-11.0,1142,mato_grosso
-54.25,-11.0,1143,mato_grosso
-54.0,-11.0,1144,mato_grosso
-53.75,-11.0,1145,mato_grosso
-53.5,-11.0,1146,mato_grosso
-53.25,-11.0,1147,mato_grosso
-53.0,-11.0,1148,mato_grosso
-52.75,-11.0,1149,mato_grosso
-52.5,-11.0,1150,mato_grosso
-52.25,-11.0,1151,mato_grosso
-52.0,-11.0,1152,mato_grosso
-51.75,-11.0,1153,mato_grosso
-51.5,-11.0,1154,mato_grosso
-51.25,-11.0,1155,mato_grosso
-51.0,-11.0,1156,mato_grosso
-50.75,-11.0,1157,mato_grosso
-50.5,-11.0,1158,mato_grosso
-50.25,-11.0,1159,mato_grosso
-60.0,-10.75,1160,mato_grosso
-59.75,-10.75,1161,mato_grosso
-59.5,-10.75,1162,mato_grosso
-59.25,-10.75,1163,mato_grosso
-59.0,-10.75,1164,mato_grosso
-58.75,-10.75,1165,mato_grosso
-58.5,-10.75,1166,mato_grosso
-58.25,-10.75,1167,mato_grosso
-58.0,-10.75,1168,mato_grosso
-57.75,-10.75,1169,mato_grosso
-57.5,-10.75,1170,mato_grosso
-57.25,-10.75,1171,mato_grosso
-57.0,-10.75,1172,mato_grosso
-56.75,-10.75,1173,mato_grosso
-56.5,-10.75,1174,mato_grosso
-56.25,-10.75,1175,mato_grosso
-56.0,-10.75,1176,mato_grosso
-55.75,-10.75,1177,mato_grosso
-55.5,-10.75,1178,mato_grosso
-55.25,-10.75,1179,mato_grosso
-55.0,-10.75,1180,mato_grosso
-54.75,-10.75,1181,mato_grosso
-54.5,-10.75,1182,mato_grosso
-54.25,-10.75,1183,mato_grosso
-54.0,-10.75,1184,mato_grosso
-53.75,-10.75,1185,mato_grosso
-53.5,-10.75,1186,mato_grosso
-53.25,-10.75,1187,mato_grosso
-53.0,-10.75,1188,mato_grosso
-52.75,-10.75,1189,mato_grosso
-52.5,-10.75,1190,mato_grosso
-52.25,-10.75,1191,mato_grosso
-52.0,-10.75,1192,mato_grosso
-51.75,-10.75,1193,mato_grosso
-51.5,-10.75,1194,mato_grosso
-51.25,-10.75,1195,mato_grosso
-51.0,-10.75,1196,mato_grosso
-50.75,-10.75,1197,mato_grosso
-50.5,-10.75,1198,mato_grosso
-50.25,-10.75,1199,mato_grosso
-60.0,-10.5,1200,mato_grosso
-59.75,-10.5,1201,mato_grosso
-59.5,-10.5,1202,mato_grosso
-59.25,-10.5,1203,mato_grosso
-59.0,-10.5,1204,mato_grosso
-58.75,-10.5,1205,mato_grosso
-58.5,-10.5,1206,mato_grosso
-58.25,-10.5,1207,mato_grosso
-58.0,-10.5,1208,mato_grosso
-57.75,-10.5,1209,mato_grosso
-57.5,-10.5,1210,mato_grosso
-57.25,-10.5,1211,mato_grosso
-57.0,-10.5,1212,mato_grosso
-56.75,-10.5,1213,mato_grosso
-56.5,-10.5,1214,mato_grosso
-56.25,-10.5,1215,mato_grosso
-56.0,-10.5,1216,mato_grosso
-55.75,-10.5,1217,mato_grosso
-55.5,-10.5,1218,mato_grosso
-55.25,-10.5,1219,mato_grosso
-55.0,-10.5,1220,mato_grosso
-54.75,-10.5,1221,mato_grosso
-54.5,-10.5,1222,mato_grosso
-54.25,-10.5,1223,mato_grosso
-54.0,-10.5,1224,mato_grosso
-53.75,-10.5,1225,mato_grosso
-53.5,-10.5,1226,mato_grosso
-53.25,-10.5,1227,mato_grosso
-53.0,-10.5,1228,mato_grosso
-52.75,-10.5,1229,mato_grosso
-52.5,-10.5,1230,mato_grosso
-52.25,-10.5,1231,mato_grosso
-52.0,-10.5,1232,mato_grosso
-51.75,-10.5,1233,mato_grosso
-51.5,-10.5,1234,mato_grosso
-51.25,-10.5,1235,mato_grosso
-51.0,-10.5,1236,mato_grosso
-50.75,-10.5,1237,mato_grosso
-50.5,-10.5,1238,mato_grosso
-50.25,-10.5,1239,mato_grosso
-60.0,-10.25,1240,mato_grosso
-59.75,-10.25,1241,mato_grosso
-59.5,-10.25,1242,mato_grosso
-59.25,-10.25,1243,mato_grosso
-59.0,-10.25,1244,mato_grosso
-58.75,-10.25,1245,mato_grosso
-58.5,-10.25,1246,mato_grosso
-58.25,-10.25,1247,mato_grosso
-58.0,-10.25,1248,mato_grosso
-57.75,-10.25,1249,mato_grosso
-57.5,-10.25,1250,mato_grosso
-57.25,-10.25,1251,mato_grosso
-57.0,-10.25,1252,mato_grosso
-56.75,-10.25,1253,mato_grosso
-56.5,-10.25,1254,mato_grosso
-56.25,-10.25,1255,mato_grosso
-56.0,-10.25,1256,mato_grosso
-55.75,-10.25,1257,mato_grosso
-55.5,-10.25,1258,mato_grosso
-55.25,-10.25,1259,mato_grosso
-55.0,-10.25,1260,mato_grosso
-54.75,-10.25,1261,mato_grosso
-54.5,-10.25,1262,mato_grosso
-54.25,-10.25,1263,mato_grosso
-54.0,-10.25,1264,mato_grosso
-53.75,-10.25,1265,mato_grosso
-53.5,-10.25,1266,mato_grosso
-53.25,-10.25,1267,mato_grosso
-53.0,-10.25,1268,mato_grosso
-52.75,-10.25,1269,mato_grosso
-52.5,-10.25,1270,mato_grosso
-52.25,-10.25,1271,mato_grosso
-52.0,-10.25,1272,mato_grosso
-51.75,-10.25,1273,mato_grosso
-51.5,-10.25,1274,mato_grosso
-51.25,-10.25,1275,mato_grosso
-51.0,-10.25,1276,mato_grosso
-50.75,-10.25,1277,mato_grosso
-50.5,-10.25,1278,mato_grosso
-50.25,-10.25,1279,mato_grosso
-60.0,-10.0,1280,mato_grosso
-59.75,-10.0,1281,mato_grosso
-59.5,-10.0,1282,mato_grosso
-59.25,-10.0,1283,mato_grosso
-59.0,-10.0,1284,mato_grosso
-58.75,-10.0,1285,mato_grosso
-58.5,-10.0,1286,mato_grosso
-58.25,-10.0,1287,mato_grosso
-58.0,-10.0,1288,mato_grosso
-57.75,-10.0,1289,mato_grosso
-57.5,-10.0,1290,mato_grosso
-57.25,-10.0,1291,mato_grosso
-57.0,-10.0,1292,mato_grosso
-56.75,-10.0,1293,mato_grosso
-56.5,-10.0,1294,mato_grosso
-56.25,-10.0,1295,mato_grosso
-56.0,-10.0,1296,mato_grosso
-55.75,-10.0,1297,mato_grosso
-55.5,-10.0,1298,mato_grosso
-55.25,-10.0,1299,mato_grosso
-55.0,-10.0,1300,mato_grosso
-54.75,-10.0,1301,mato_grosso
-54.5,-10.0,1302,mato_grosso
-54.25,-10.0,1303,mato_grosso
-54.0,-10.0,1304,mato_grosso
-53.75,-10.0,1305,mato_grosso
-53.5,-10.0,1306,mato_grosso
-53.25,-10.0,1307,mato_grosso
-53.0,-10.0,1308,mato_grosso
-52.75,-10.0,1309,mato_grosso
-52.5,-10.0,1310,mato_grosso
-52.25,-10.0,1311,mato_grosso
-52.0,-10.0,1312,mato_grosso
-51.75,-10.0,1313,mato_grosso
-51.5,-10.0,1314,mato_grosso
-51.25,-10.0,1315,mato_grosso
-51.0,-10.0,1316,mato_grosso
-50.75,-10.0,1317,mato_grosso
-50.5,-10.0,1318,mato_grosso
-50.25,-10.0,1319,mato_grosso
-60.0,-9.75,1320,mato_grosso
-59.75,-9.75,1321,mato_grosso
-59.5,-9.75,1322,mato_grosso
-59.25,-9.75,1323,mato_grosso
-59.0,-9.75,1324,mato_grosso
-58.75,-9.75,1325,mato_grosso
-58.5,-9.75,1326,mato_grosso
-58.25,-9.75,1327,mato_grosso
-58.0,-9.75,1328,mato_grosso
-57.75,-9.75,1329,mato_grosso
-57.5,-9.75,1330,mato_grosso
-57.25,-9.75,1331,mato_grosso
-57.0,-9.75,1332,mato_grosso
-56.75,-9.75,1333,mato_grosso
-56.5,-9.75,1334,mato_grosso
-56.25,-9.75,1335,mato_grosso
-56.0,-9.75,1336,mato_grosso
-55.75,-9.75,1337,mato_grosso
-55.5,-9.75,1338,mato_grosso
-55.25,-9.75,1339,mato_grosso
-55.0,-9.75,1340,mato_grosso
-54.75,-9.75,1341,mato_grosso
-54.5,-9.75,1342,mato_grosso
-54.25,-9.75,1343,mato_grosso
-54.0,-9.75,1344,mato_grosso
-53.75,-9.75,1345,mato_grosso
-53.5,-9.75,1346,mato_grosso
-53.25,-9.75,1347,mato_grosso
-53.0,-9.75,1348,mato_grosso
-52.75,-9.75,1349,mato_grosso
-52.5,-9.75,1350,mato_grosso
-52.25,-9.75,1351,mato_grosso
-52.0,-9.75,1352,mato_grosso
-51.75,-9.75,1353,mato_grosso
-51.5,-9.75,1354,mato_grosso
-51.25,-9.75,1355,mato_grosso
-51.0,-9.75,1356,mato_grosso
-50.75,-9.75,1357,mato_grosso
-50.5,-9.75,1358,mato_grosso
-50.25,-9.75,1359,mato_grosso
-60.0,-9.5,1360,mato_grosso
-59.75,-9.5,1361,mato_grosso
-59.5,-9.5,1362,mato_grosso
-59.25,-9.5,1363,mato_grosso
-59.0,-9.5,1364,mato_grosso
-58.75,-9.5,1365,mato_grosso
-58.5,-9.5,1366,mato_grosso
-58.25,-9.5,1367,mato_grosso
-58.0,-9.5,1368,mato_grosso
-57.75,-9.5,1369,mato_grosso
-57.5,-9.5,1370,mato_grosso
-57.25,-9.5,1371,mato_grosso
-57.0,-9.5,1372,mato_grosso
-56.75,-9.5,1373,mato_grosso
-56.5,-9.5,1374,mato_grosso
-56.25,-9.5,1375,mato_grosso
-56.0,-9.5,1376,mato_grosso
-55.75,-9.5,1377,mato_grosso
-55.5,-9.5,1378,mato_grosso
-55.25,-9.5,1379,mato_grosso
-55.0,-9.5,1380,mato_grosso
-54.75,-9.5,1381,mato_grosso
-54.5,-9.5,1382,mato_grosso
-54.25,-9.5,1383,mato_grosso
-54.0,-9.5,1384,mato_grosso
-53.75,-9.5,1385,mato_grosso
-53.5,-9.5,1386,mato_grosso
-53.25,-9.5,1387,mato_grosso
-53.0,-9.5,1388,mato_grosso
-52.75,-9.5,1389,mato_grosso
-52.5,-9.5,1390,mato_grosso
-52.25,-9.5,1391,mato_grosso
-52.0,-9.5,1392,mato_grosso
-51.75,-9.5,1393,mato_grosso
-51.5,-9.5,1394,mato_grosso
-51.25,-9.5,1395,mato_grosso
-51.0,-9.5,1396,mato_grosso
-50.75,-9.5,1397,mato_grosso
-50.5,-9.5,1398,mato_grosso
-50.25,-9.5,1399,mato_grosso
-60.0,-9.25,1400,mato_grosso
-59.75,-9.25,1401,mato_grosso
-59.5,-9.25,1402,mato_grosso
-59.25,-9.25,1403,mato_grosso
-59.0,-9.25,1404,mato_grosso
-58.75,-9.25,1405,mato_grosso
-58.5,-9.25,1406,mato_grosso
-58.25,-9.25,1407,mato_grosso
-58.0,-9.25,1408,mato_grosso
-57.75,-9.25,1409,mato_grosso
-57.5,-9.25,1410,mato_grosso
-57.25,-9.25,1411,mato_grosso
-57.0,-9.25,1412,mato_grosso
-56.75,-9.25,1413,mato_grosso
-56.5,-9.25,1414,mato_grosso
-56.25,-9.25,1415,mato_grosso
-56.0,-9.25,1416,mato_grosso
-55.75,-9.25,1417,mato_grosso
-55.5,-9.25,1418,mato_grosso
-55.25,-9.25,1419,mato_grosso
-55.0,-9.25,1420,mato_grosso
-54.75,-9.25,1421,mato_grosso
-54.5,-9.25,1422,mato_grosso
-54.25,-9.25,1423,mato_grosso
-54.0,-9.25,1424,mato_grosso
-53.75,-9.25,1425,mato_grosso
-53.5,-9.25,1426,mato_grosso
-53.25,-9.25,1427,mato_grosso
-53.0,-9.25,1428,mato_grosso
-52.75,-9.25,1429,mato_grosso
-52.5,-9.25,1430,mato_grosso
-52.25,-9.25,1431,mato_grosso
-52.0,-9.25,1432,mato_grosso
-51.75,-9.25,1433,mato_grosso
-51.5,-9.25,1434,mato_grosso
-51.25,-9.25,1435,mato_grosso
-51.0,-9.25,1436,mato_grosso
-50.75,-9.25,1437,mato_grosso
-50.5,-9.25,1438,mato_grosso
-50.25,-9.25,1439,mato_grosso
-60.0,-9.0,1440,mato_grosso
-59.75,-9.0,1441,mato_grosso
-59.5,-9.0,1442,mato_grosso
-59.25,-9.0,1443,mato_grosso
-59.0,-9.0,1444,mato_grosso
-58.75,-9.0,1445,mato_grosso
-58.5,-9.0,1446,mato_grosso
-58.25,-9.0,1447,mato_grosso
-58.0,-9.0,1448,mato_grosso
-57.75,-9.0,1449,mato_grosso
-57.5,-9.0,1450,mato_grosso
-57.25,-9.0,1451,mato_grosso
-57.0,-9.0,1452,mato_grosso
-56.75,-9.0,1453,mato_grosso
-56.5,-9.0,1454,mato_grosso
-56.25,-9.0,1455,mato_grosso
-56.0,-9.0,1456,mato_grosso
-55.75,-9.0,1457,mato_grosso
-55.5,-9.0,1458,mato_grosso
-55.25,-9.0,1459,mato_grosso
-55.0,-9.0,1460,mato_grosso
-54.75,-9.0,1461,mato_grosso
-54.5,-9.0,1462,mato_grosso
-54.25,-9.0,1463,mato_grosso
-54.0,-9.0,1464,mato_grosso
-53.75,-9.0,1465,mato_grosso
-53.5,-9.0,1466,mato_grosso
-53.25,-9.0,1467,mato_grosso
-53.0,-9.0,1468,mato_grosso
-52.75,-9.0,1469,mato_grosso
-52.5,-9.0,1470,mato_grosso
-52.25,-9.0,1471,mato_grosso
-52.0,-9.0,1472,mato_grosso
-51.75,-9.0,1473,mato_grosso
-51.5,-9.0,1474,mato_grosso
-51.25,-9.0,1475,mato_grosso
-51.0,-9.0,1476,mato_grosso
-50.75,-9.0,1477,mato_grosso
-50.5,-9.0,1478,mato_grosso
-50.25,-9.0,1479,mato_grosso
-60.0,-8.75,1480,mato_grosso
-59.75,-8.75,1481,mato_grosso
-59.5,-8.75,1482,mato_grosso
-59.25,-8.75,1483,mato_grosso
-59.0,-8.75,1484,mato_grosso
-58.75,-8.75,1485,mato_grosso
-58.5,-8.75,1486,mato_grosso
-58.25,-8.75,1487,mato_grosso
-58.0,-8.75,1488,mato_grosso
-57.75,-8.75,1489,mato_grosso
-57.5,-8.75,1490,mato_grosso
-57.25,-8.75,1491,mato_grosso
-57.0,-8.75,1492,mato_grosso
-56.75,-8.75,1493,mato_grosso
-56.5,-8.75,1494,mato_grosso
-56.25,-8.75,1495,mato_grosso
-56.0,-8.75,1496,mato_grosso
-55.75,-8.75,1497,mato_grosso
-55.5,-8.75,1498,mato_grosso
-55.25,-8.75,1499,mato_grosso
-55.0,-8.75,1500,mato_grosso
-54.75,-8.75,1501,mato_grosso
-54.5,-8.75,1502,mato_grosso
-54.25,-8.75,1503,mato_grosso
-54.0,-8.75,1504,mato_grosso
-53.75,-8.75,1505,mato_grosso
-53.5,-8.75,1506,mato_grosso
-53.25,-8.75,1507,mato_grosso
-53.0,-8.75,1508,mato_grosso
-52.75,-8.75,1509,mato_grosso
-52.5,-8.75,1510,mato_grosso
-52.25,-8.75,1511,mato_grosso
-52.0,-8.75,1512,mato_grosso
-51.75,-8.75,1513,mato_grosso
-51.5,-8.75,1514,mato_grosso
-51.25,-8.75,1515,mato_grosso
-51.0,-8.75,1516,mato_grosso
-50.75,-8.75,1517,mato_grosso
-50.5,-8.75,1518,mato_grosso
-50.25,-8.75,1519,mato_grosso
-60.0,-8.5,1520,mato_grosso
-59.75,-8.5,1521,mato_grosso
-59.5,-8.5,1522,mato_grosso
-59.25,-8.5,1523,mato_grosso
-59.0,-8.5,1524,mato_grosso
-58.75,-8.5,1525,mato_grosso
-58.5,-8.5,1526,mato_grosso
-58.25,-8.5,1527,mato_grosso
-58.0,-8.5,1528,mato_grosso
-57.75,-8.5,1529,mato_grosso
-57.5,-8.5,1530,mato_grosso
-57.25,-8.5,1531,mato_grosso
-57.0,-8.5,1532,mato_grosso
-56.75,-8.5,1533,mato_grosso
-56.5,-8.5,1534,mato_grosso
-56.25,-8.5,1535,mato_grosso
-56.0,-8.5,1536,mato_grosso
-55.75,-8.5,1537,mato_grosso
-55.5,-8.5,1538,mato_grosso
-55.25,-8.5,1539,mato_grosso
-55.0,-8.5,1540,mato_grosso
-54.75,-8.5,1541,mato_grosso
-54.5,-8.5,1542,mato_grosso
-54.25,-8.5,1543,mato_grosso
-54.0,-8.5,1544,mato_grosso
-53.75,-8.5,1545,mato_grosso
-53.5,-8.5,1546,mato_grosso
-53.25,-8.5,1547,mato_grosso
-53.0,-8.5,1548,mato_grosso
-52.75,-8.5,1549,mato_grosso
-52.5,-8.5,1550,mato_grosso
-52.25,-8.5,1551,mato_grosso
-52.0,-8.5,1552,mato_grosso
-51.75,-8.5,1553,mato_grosso
-51.5,-8.5,1554,mato_grosso
-51.25,-8.5,1555,mato_grosso
-51.0,-8.5,1556,mato_grosso
-50.75,-8.5,1557,mato_grosso
-50.5,-8.5,1558,mato_grosso
-50.25,-8.5,1559,mato_grosso
-60.0,-8.25,1560,mato_grosso
-59.75,-8.25,1561,mato_grosso
-59.5,-8.25,1562,mato_grosso
-59.25,-8.25,1563,mato_grosso
-59.0,-8.25,1564,mato_grosso
-58.75,-8.25,1565,mato_grosso
-58.5,-8.25,1566,mato_grosso
-58.25,-8.25,1567,mato_grosso
-58.0,-8.25,1568,mato_grosso
-57.75,-8.25,1569,mato_grosso
-57.5,-8.25,1570,mato_grosso
-57.25,-8.25,1571,mato_grosso
-57.0,-8.25,1572,mato_grosso
-56.75,-8.25,1573,mato_grosso
-56.5,-8.25,1574,mato_grosso
-56.25,-8.25,1575,mato_grosso
-56.0,-8.25,1576,mato_grosso
-55.75,-8.25,1577,mato_grosso
-55.5,-8.25,1578,mato_grosso
-55.25,-8.25,1579,mato_grosso
-55.0,-8.25,1580,mato_grosso
-54.75,-8.25,1581,mato_grosso
-54.5,-8.25,1582,mato_grosso
-54.25,-8.25,1583,mato_grosso
-54.0,-8.25,1584,mato_grosso
-53.75,-8.25,1585,mato_grosso
-53.5,-8.25,1586,mato_grosso
-53.25,-8.25,1587,mato_grosso
-53.0,-8.25,1588,mato_grosso
-52.75,-8.25,1589,mato_grosso
-52.5,-8.25,1590,mato_grosso
-52.25,-8.25,1591,mato_grosso
-52.0,-8.25,1592,mato_grosso
-51.75,-8.25,1593,mato_grosso
-51.5,-8.25,1594,mato_grosso
-51.25,-8.25,1595,mato_grosso
-51.0,-8.25,1596,mato_grosso
-50.75,-8.25,1597,mato_grosso
-50.5,-8.25,1598,mato_grosso
-50.25,-8.25,1599,mato_grosso
3.3,51.2,0,rhine_meuse
3.4,51.2,1,rhine_meuse
3.5,51.2,2,rhine_meuse
3.6,51.2,3,rhine_meuse
3.7,51.2,4,rhine_meuse
3.8,51.2,5,rhine_meuse
3.9,51.2,6,rhine_meuse
4.0,51.2,7,rhine_meuse
4.1,51.2,8,rhine_meuse
4.2,51.2,9,rhine_meuse
4.3,51.2,10,rhine_meuse
4.4,51.2,11,rhine_meuse
4.5,51.2,12,rhine_meuse
4.6,51.2,13,rhine_meuse
4.7,51.2,14,rhine_meuse
4.8,51.2,15,rhine_meuse
4.9,51.2,16,rhine_meuse
5.0,51.2,17,rhine_meuse
5.1,51.2,18,rhine_meuse
5.2,51.2,19,rhine_meuse
5.3,51.2,20,rhine_meuse
5.4,51.2,21,rhine_meuse
5.5,51.2,22,rhine_meuse
5.6,51.2,23,rhine_meuse
5.7,51.2,24,rhine_meuse
5.8,51.2,25,rhine_meuse
5.9,51.2,26,rhine_meuse
6.0,51.2,27,rhine_meuse
6.1,51.2,28,rhine_meuse
6.2,51.2,29,rhine_meuse
6.3,51.2,30,rhine_meuse
6.4,51.2,31,rhine_meuse
6.5,51.2,32,rhine_meuse
6.6,51.2,33,rhine_meuse
6.7,51.2,34,rhine_meuse
6.8,51.2,35,rhine_meuse
6.9,51.2,36,rhine_meuse
7.0,51.2,37,rhine_meuse
7.1,51.2,38,rhine_meuse
3.3,51.3,39,rhine_meuse
3.4,51.3,40,rhine_meuse
3.5,51.3,41,rhine_meuse
3.6,51.3,42,rhine_meuse
3.7,51.3,43,rhine_meuse
3.8,51.3,44,rhine_meuse
3.9,51.3,45,rhine_meuse
4.0,51.3,46,rhine_meuse
4.1,51.3,47,rhine_meuse
4.2,51.3,48,rhine_meuse
4.3,51.3,49,rhine_meuse
4.4,51.3,50,rhine_meuse
4.5,51.3,51,rhine_meuse
4.6,51.3,52,rhine_meuse
4.7,51.3,53,rhine_meuse
4.8,51.3,54,rhine_meuse
4.9,51.3,55,rhine_meuse
5.0,51.3,56,rhine_meuse
5.1,51.3,57,rhine_meuse
5.2,51.3,58,rhine_meuse
5.3,51.3,59,rhine_meuse
5.4,51.3,60,rhine_meuse
5.5,51.3,61,rhine_meuse
5.6,51.3,62,rhine_meuse
5.7,51.3,63,rhine_meuse
5.8,51.3,64,rhine_meuse
5.9,51.3,65,rhine_meuse
6.0,51.3,66,rhine_meuse
6.1,51.3,67,rhine_meuse
6.2,51.3,68,rhine_meuse
6.3,51.3,69,rhine_meuse
6.4,51.3,70,rhine_meuse
6.5,51.3,71,rhine_meuse
6.6,51.3,72,rhine_meuse
6.7,51.3,73,rhine_meuse
6.8,51.3,74,rhine_meuse
6.9,51.3,75,rhine_meuse
7.0,51.3,76,rhine_meuse
7.1,51.3,77,rhine_meuse
3.3,51.4,78,rhine_meuse
3.4,51.4,79,rhine_meuse
3.5,51.4,80,rhine_meuse
3.6,51.4,81,rhine_meuse
3.7,51.4,82,rhine_meuse
3.8,51.4,83,rhine_meuse
3.9,51.4,84,rhine_meuse
4.0,51.4,85,rhine_meuse
4.1,51.4,86,rhine_meuse
4.2,51.4,87,rhine_meuse
4.3,51.4,88,rhine_meuse
4.4,51.4,89,rhine_meuse
4.5,51.4,90,rhine_meuse
4.6,51.4,91,rhine_meuse
4.7,51.4,92,rhine_meuse
4.8,51.4,93,rhine_meuse
4.9,51.4,94,rhine_meuse
5.0,51.4,95,rhine_meuse
5.1,51.4,96,rhine_meuse
5.2,51.4,97,rhine_meuse
5.3,51.4,98,rhine_meuse
5.4,51.4,99,rhine_meuse
5.5,51.4,100,rhine_meuse
5.6,51.4,101,rhine_meuse
5.7,51.4,102,rhine_meuse
5.8,51.4,103,rhine_meuse
5.9,51.4,104,rhine_meuse
6.0,51.4,105,rhine_meuse
6.1,51.4,106,rhine_meuse
6.2,51.4,107,rhine_meuse
6.3,51.4,108,rhine_meuse
6.4,51.4,109,rhine_meuse
6.5,51.4,110,rhine_meuse
6.6,51.4,111,rhine_meuse
6.7,51.4,112,rhine_meuse
6.8,51.4,113,rhine_meuse
6.9,51.4,114,rhine_meuse
7.0,51.4,115,rhine_meuse
7.1,51.4,116,rhine_meuse
3.3,51.5,117,rhine_meuse
3.4,51.5,118,rhine_meuse
3.5,51.5,119,rhine_meuse
3.6,51.5,120,rhine_meuse
3.7,51.5,121,rhine_meuse
3.8,51.5,122,rhine_meuse
3.9,51.5,123,rhine_meuse
4.0,51.5,124,rhine_meuse
4.1,51.5,125,rhine_meuse
4.2,51.5,126,rhine_meuse
4.3,51.5,127,rhine_meuse
4.4,51.5,128,rhine_meuse
4.5,51.5,129,rhine_meuse
4.6,51.5,130,rhine_meuse
4.7,51.5,131,rhine_meuse
4.8,51.5,132,rhine_meuse
4.9,51.5,133,rhine_meuse
5.0,51.5,134,rhine_meuse
5.1,51.5,135,rhine_meuse
5.2,51.5,136,rhine_meuse
5.3,51.5,137,rhine_meuse
5.4,51.5,138,rhine_meuse
5.5,51.5,139,rhine_meuse
5.6,51.5,140,rhine_meuse
5.7,51.5,141,rhine_meuse
5.8,51.5,142,rhine_meuse
5.9,51.5,143,rhine_meuse
6.0,51.5,144,rhine_meuse
6.1,51.5,145,rhine_meuse
6.2,51.5,146,rhine_meuse
6.3,51.5,147,rhine_meuse
6.4,51.5,148,rhine_meuse
6.5,51.5,149,rhine_meuse
6.6,51.5,150,rhine_meuse
6.7,51.5,151,rhine_meuse
6.8,51.5,152,rhine_meuse
6.9,51.5,153,rhine_meuse
7.0,51.5,154,rhine_meuse
7.1,51.5,155,rhine_meuse
3.3,51.6,156,rhine_meuse
3.4,51.6,157,rhine_meuse
3.5,51.6,158,rhine_meuse
3.6,51.6,159,rhine_meuse
3.7,51.6,160,rhine_meuse
3.8,51.6,161,rhine_meuse
3.9,51.6,162,rhine_meuse
4.0,51.6,163,rhine_meuse
4.1,51.6,164,rhine_meuse
4.2,51.6,165,rhine_meuse
4.3,51.6,166,rhine_meuse
4.4,51.6,167,rhine_meuse
4.5,51.6,168,rhine_meuse
4.6,51.6,169,rhine_meuse
4.7,51.6,170,rhine_meuse
4.8,51.6,171,rhine_meuse
4.9,51.6,172,rhine_meuse
5.0,51.6,173,rhine_meuse
5.1,51.6,174,rhine_meuse
5.2,51.6,175,rhine_meuse
5.3,51.6,176,rhine_meuse
5.4,51.6,177,rhine_meuse
5.5,51.6,178,rhine_meuse
5.6,51.6,179,rhine_meuse
5.7,51.6,180,rhine_meuse
5.8,51.6,181,rhine_meuse
5.9,51.6,182,rhine_meuse
6.0,51.6,183,rhine_meuse
6.1,51.6,184,rhine_meuse
6.2,51.6,185,rhine_meuse
6.3,51.6,186,rhine_meuse
6.4,51.6,187,rhine_meuse
6.5,51.6,188,rhine_meuse
6.6,51.6,189,rhine_meuse
6.7,51.6,190,rhine_meuse
6.8,51.6,191,rhine_meuse
6.9,51.6,192,rhine_meuse
7.0,51.6,193,rhine_meuse
7.1,51.6,194,rhine_meuse
3.3,51.7,195,rhine_meuse
3.4,51.7,196,rhine_meuse
3.5,51.7,197,rhine_meuse
3.6,51.7,198,rhine_meuse
3.7,51.7,199,rhine_meuse
3.8,51.7,200,rhine_meuse
3.9,51.7,201,rhine_meuse
4.0,51.7,202,rhine_meuse
4.1,51.7,203,rhine_meuse
4.2,51.7,204,rhine_meuse
4.3,51.7,205,rhine_meuse
4.4,51.7,206,rhine_meuse
4.5,51.7,207,rhine_meuse
4.6,51.7,208,rhine_meuse
4.7,51.7,209,rhine_meuse
4.8,51.7,210,rhine_meuse
4.9,51.7,211,rhine_meuse
5.0,51.7,212,rhine_meuse
5.1,51.7,213,rhine_meuse
5.2,51.7,214,rhine_meuse
5.3,51.7,215,rhine_meuse
5.4,51.7,216,rhine_meuse
5.5,51.7,217,rhine_meuse
5.6,51.7,218,rhine_meuse
5.7,51.7,219,rhine_meuse
5.8,51.7,220,rhine_meuse
5.9,51.7,221,rhine_meuse
6.0,51.7,222,rhine_meuse
6.1,51.7,223,rhine_meuse
6.2,51.7,224,rhine_meuse
6.3,51.7,225,rhine_meuse
6.4,51.7,226,rhine_meuse
6.5,51.7,227,rhine_meuse
6.6,51.7,228,rhine_meuse
6.7,51.7,229,rhine_meuse
6.8,51.7,230,rhine_meuse
6.9,51.7,231,rhine_meuse
7.0,51.7,232,rhine_meuse
7.1,51.7,233,rhine_meuse
3.3,51.8,234,rhine_meuse
3.4,51.8,235,rhine_meuse
3.5,51.8,236,rhine_meuse
3.6,51.8,237,rhine_meuse
3.7,51.8,238,rhine_meuse
3.8,51.8,239,rhine_meuse
3.9,51.8,240,rhine_meuse
4.0,51.8,241,rhine_meuse
4.1,51.8,242,rhine_meuse
4.2,51.8,243,rhine_meuse
4.3,51.8,244,rhine_meuse
4.4,51.8,245,rhine_meuse
4.5,51.8,246,rhine_meuse
4.6,51.8,247,rhine_meuse
4.7,51.8,248,rhine_meuse
4.8,51.8,249,rhine_meuse
4.9,51.8,250,rhine_meuse
5.0,51.8,251,rhine_meuse
5.1,51.8,252,rhine_meuse
5.2,51.8,253,rhine_meuse
5.3,51.8,254,rhine_meuse
5.4,51.8,255,rhine_meuse
5.5,51.8,256,rhine_meuse
5.6,51.8,257,rhine_meuse
5.7,51.8,258,rhine_meuse
5.8,51.8,259,rhine_meuse
5.9,51.8,260,rhine_meuse
6.0,51.8,261,rhine_meuse
6.1,51.8,262,rhine_meuse
6.2,51.8,263,rhine_meuse
6.3,51.8,264,rhine_meuse
6.4,51.8,265,rhine_meuse
6.5,51.8,266,rhine_meuse
6.6,51.8,267,rhine_meuse
6.7,51.8,268,rhine_meuse
6.8,51.8,269,rhine_meuse
6.9,51.8,270,rhine_meuse
7.0,51.8,271,rhine_meuse
7.1,51.8,272,rhine_meuse
3.3,51.9,273,rhine_meuse
3.4,51.9,274,rhine_meuse
3.5,51.9,275,rhine_meuse
3.6,51.9,276,rhine_meuse
3.7,51.9,277,rhine_meuse
3.8,51.9,278,rhine_meuse
3.9,51.9,279,rhine_meuse
4.0,51.9,280,rhine_meuse
4.1,51.9,281,rhine_meuse
4.2,51.9,282,rhine_meuse
4.3,51.9,283,rhine_meuse
4.4,51.9,284,rhine_meuse
4.5,51.9,285,rhine_meuse
4.6,51.9,286,rhine_meuse
4.7,51.9,287,rhine_meuse
4.8,51.9,288,rhine_meuse
4.9,51.9,289,rhine_meuse
5.0,51.9,290,rhine_meuse
5.1,51.9,291,rhine_meuse
5.2,51.9,292,rhine_meuse
5.3,51.9,293,rhine_meuse
5.4,51.9,294,rhine_meuse
5.5,51.9,295,rhine_meuse
5.6,51.9,296,rhine_meuse
5.7,51.9,297,rhine_meuse
5.8,51.9,298,rhine_meuse
5.9,51.9,299,rhine_meuse
6.0,51.9,300,rhine_meuse
6.1,51.9,301,rhine_meuse
6.2,51.9,302,rhine_meuse
6.3,51.9,303,rhine_meuse
6.4,51.9,304,rhine_meuse
6.5,51.9,305,rhine_meuse
6.6,51.9,306,rhine_meuse
6.7,51.9,307,rhine_meuse
6.8,51.9,308,rhine_meuse
6.9,51.9,309,rhine_meuse
7.0,51.9,310,rhine_meuse
7.1,51.9,311,rhine_meuse
3.3,52.0,312,rhine_meuse
3.4,52.0,313,rhine_meuse
3.5,52.0,314,rhine_meuse
3.6,52.0,315,rhine_meuse
3.7,52.0,316,rhine_meuse
3.8,52.0,317,rhine_meuse
3.9,52.0,318,rhine_meuse
4.0,52.0,319,rhine_meuse
4.1,52.0,320,rhine_meuse
4.2,52.0,321,rhine_meuse
4.3,52.0,322,rhine_meuse
4.4,52.0,323,rhine_meuse
4.5,52.0,324,rhine_meuse
4.6,52.0,325,rhine_meuse
4.7,52.0,326,rhine_meuse
4.8,52.0,327,rhine_meuse
4.9,52.0,328,rhine_meuse
5.0,52.0,329,rhine_meuse
5.1,52.0,330,rhine_meuse
5.2,52.0,331,rhine_meuse
5.3,52.0,332,rhine_meuse
5.4,52.0,333,rhine_meuse
5.5,52.0,334,rhine_meuse
5.6,52.0,335,rhine_meuse
5.7,52.0,336,rhine_meuse
5.8,52.0,337,rhine_meuse
5.9,52.0,338,rhine_meuse
6.0,52.0,339,rhine_meuse
6.1,52.0,340,rhine_meuse
6.2,52.0,341,rhine_meuse
6.3,52.0,342,rhine_meuse
6.4,52.0,343,rhine_meuse
6.5,52.0,344,rhine_meuse
6.6,52.0,345,rhine_meuse
6.7,52.0,346,rhine_meuse
6.8,52.0,347,rhine_meuse
6.9,52.0,348,rhine_meuse
7.0,52.0,349,rhine_meuse
7.1,52.0,350,rhine_meuse
3.3,52.1,351,rhine_meuse
3.4,52.1,352,rhine_meuse
3.5,52.1,353,rhine_meuse
3.6,52.1,354,rhine_meuse
3.7,52.1,355,rhine_meuse
3.8,52.1,356,rhine_meuse
3.9,52.1,357,rhine_meuse
4.0,52.1,358,rhine_meuse
4.1,52.1,359,rhine_meuse
4.2,52.1,360,rhine_meuse
4.3,52.1,361,rhine_meuse
4.4,52.1,362,rhine_meuse
4.5,52.1,363,rhine_meuse
4.6,52.1,364,rhine_meuse
4.7,52.1,365,rhine_meuse
4.8,52.1,366,rhine_meuse
4.9,52.1,367,rhine_meuse
5.0,52.1,368,rhine_meuse
5.1,52.1,369,rhine_meuse
5.2,52.1,370,rhine_meuse
5.3,52.1,371,rhine_meuse
5.4,52.1,372,rhine_meuse
5.5,52.1,373,rhine_meuse
5.6,52.1,374,rhine_meuse
5.7,52.1,375,rhine_meuse
5.8,52.1,376,rhine_meuse
5.9,52.1,377,rhine_meuse
6.0,52.1,378,rhine_meuse
6.1,52.1,379,rhine_meuse
6.2,52.1,380,rhine_meuse
6.3,52.1,381,rhine_meuse
6.4,52.1,382,rhine_meuse
6.5,52.1,383,rhine_meuse
6.6,52.1,384,rhine_meuse
6.7,52.1,385,rhine_meuse
6.8,52.1,386,rhine_meuse
6.9,52.1,387,rhine_meuse
7.0,52.1,388,rhine_meuse
7.1,52.1,389,rhine_meuse
3.3,52.2,390,rhine_meuse
3.4,52.2,391,rhine_meuse
3.5,52.2,392,rhine_meuse
3.6,52.2,393,rhine_meuse
3.7,52.2,394,rhine_meuse
3.8,52.2,395,rhine_meuse
3.9,52.2,396,rhine_meuse
4.0,52.2,397,rhine_meuse
4.1,52.2,398,rhine_meuse
4.2,52.2,399,rhine_meuse
4.3,52.2,400,rhine_meuse
4.4,52.2,401,rhine_meuse
4.5,52.2,402,rhine_meuse
4.6,52.2,403,rhine_meuse
4.7,52.2,404,rhine_meuse
4.8,52.2,405,rhine_meuse
4.9,52.2,406,rhine_meuse
5.0,52.2,407,rhine_meuse
5.1,52.2,408,rhine_meuse
5.2,52.2,409,rhine_meuse
5.3,52.2,410,rhine_meuse
5.4,52.2,411,rhine_meuse
5.5,52.2,412,rhine_meuse
5.6,52.2,413,rhine_meuse
5.7,52.2,414,rhine_meuse
5.8,52.2,415,rhine_meuse
5.9,52.2,416,rhine_meuse
6.0,52.2,417,rhine_meuse
6.1,52.2,418,rhine_meuse
6.2,52.2,419,rhine_meuse
6.3,52.2,420,rhine_meuse
6.4,52.2,421,rhine_meuse
6.5,52.2,422,rhine_meuse
6.6,52.2,423,rhine_meuse
6.7,52.2,424,rhine_meuse
6.8,52.2,425,rhine_meuse
6.9,52.2,426,rhine_meuse
7.0,52.2,427,rhine_meuse
7.1,52.2,428,rhine_meuse
3.3,52.3,429,rhine_meuse
3.4,52.3,430,rhine_meuse
3.5,52.3,431,rhine_meuse
3.6,52.3,432,rhine_meuse
3.7,52.3,433,rhine_meuse
3.8,52.3,434,rhine_meuse
3.9,52.3,435,rhine_meuse
4.0,52.3,436,rhine_meuse
4.1,52.3,437,rhine_meuse
4.2,52.3,438,rhine_meuse
4.3,52.3,439,rhine_meuse
4.4,52.3,440,rhine_meuse
4.5,52.3,441,rhine_meuse
4.6,52.3,442,rhine_meuse
4.7,52.3,443,rhine_meuse
4.8,52.3,444,rhine_meuse
4.9,52.3,445,rhine_meuse
5.0,52.3,446,rhine_meuse
5.1,52.3,447,rhine_meuse
5.2,52.3,448,rhine_meuse
5.3,52.3,449,rhine_meuse
5.4,52.3,450,rhine_meuse
5.5,52.3,451,rhine_meuse
5.6,52.3,452,rhine_meuse
5.7,52.3,453,rhine_meuse
5.8,52.3,454,rhine_meuse
5.9,52.3,455,rhine_meuse
6.0,52.3,456,rhine_meuse
6.1,52.3,457,rhine_meuse
6.2,52.3,458,rhine_meuse
6.3,52.3,459,rhine_meuse
6.4,52.3,460,rhine_meuse
6.5,52.3,461,rhine_meuse
6.6,52.3,462,rhine_meuse
6.7,52.3,463,rhine_meuse
6.8,52.3,464,rhine_meuse
6.9,52.3,465,rhine_meuse
7.0,52.3,466,rhine_meuse
7.1,52.3,467,rhine_meuse
3.3,52.4,468,rhine_meuse
3.4,52.4,469,rhine_meuse
3.5,52.4,470,rhine_meuse
3.6,52.4,471,rhine_meuse
3.7,52.4,472,rhine_meuse
3.8,52.4,473,rhine_meuse
3.9,52.4,474,rhine_meuse
4.0,52.4,475,rhine_meuse
4.1,52.4,476,rhine_meuse
4.2,52.4,477,rhine_meuse
4.3,52.4,478,rhine_meuse
4.4,52.4,479,rhine_meuse
4.5,52.4,480,rhine_meuse
4.6,52.4,481,rhine_meuse
4.7,52.4,482,rhine_meuse
4.8,52.4,483,rhine_meuse
4.9,52.4,484,rhine_meuse
5.0,52.4,485,rhine_meuse
5.1,52.4,486,rhine_meuse
5.2,52.4,487,rhine_meuse
5.3,52.4,488,rhine_meuse
5.4,52.4,489,rhine_meuse
5.5,52.4,490,rhine_meuse
5.6,52.4,491,rhine_meuse
5.7,52.4,492,rhine_meuse
5.8,52.4,493,rhine_meuse
5.9,52.4,494,rhine_meuse
6.0,52.4,495,rhine_meuse
6.1,52.4,496,rhine_meuse
6.2,52.4,497,rhine_meuse
6.3,52.4,498,rhine_meuse
6.4,52.4,499,rhine_meuse
6.5,52.4,500,rhine_meuse
6.6,52.4,501,rhine_meuse
6.7,52.4,502,rhine_meuse
6.8,52.4,503,rhine_meuse
6.9,52.4,504,rhine_meuse
7.0,52.4,505,rhine_meuse
7.1,52.4,506,rhine_meuse
3.3,52.5,507,rhine_meuse
3.4,52.5,508,rhine_meuse
3.5,52.5,509,rhine_meuse
3.6,52.5,510,rhine_meuse
3.7,52.5,511,rhine_meuse
3.8,52.5,512,rhine_meuse
3.9,52.5,513,rhine_meuse
4.0,52.5,514,rhine_meuse
4.1,52.5,515,rhine_meuse
4.2,52.5,516,rhine_meuse
4.3,52.5,517,rhine_meuse
4.4,52.5,518,rhine_meuse
4.5,52.5,519,rhine_meuse
4.6,52.5,520,rhine_meuse
4.7,52.5,521,rhine_meuse
4.8,52.5,522,rhine_meuse
4.9,52.5,523,rhine_meuse
5.0,52.5,524,rhine_meuse
5.1,52.5,525,rhine_meuse
5.2,52.5,526,rhine_meuse
5.3,52.5,527,rhine_meuse
5.4,52.5,528,rhine_meuse
5.5,52.5,529,rhine_meuse
5.6,52.5,530,rhine_meuse
5.7,52.5,531,rhine_meuse
5.8,52.5,532,rhine_meuse
5.9,52.5,533,rhine_meuse
6.0,52.5,534,rhine_meuse
6.1,52.5,535,rhine_meuse
6.2,52.5,536,rhine_meuse
6.3,52.5,537,rhine_meuse
6.4,52.5,538,rhine_meuse
6.5,52.5,539,rhine_meuse
6.6,52.5,540,rhine_meuse
6.7,52.5,541,rhine_meuse
6.8,52.5,542,rhine_meuse
6.9,52.5,543,rhine_meuse
7.0,52.5,544,rhine_meuse
7.1,52.5,545,rhine_meuse
3.3,52.6,546,rhine_meuse
3.4,52.6,547,rhine_meuse
3.5,52.6,548,rhine_meuse
3.6,52.6,549,rhine_meuse
3.7,52.6,550,rhine_meuse
3.8,52.6,551,rhine_meuse
3.9,52.6,552,rhine_meuse
4.0,52.6,553,rhine_meuse
4.1,52.6,554,rhine_meuse
4.2,52.6,555,rhine_meuse
4.3,52.6,556,rhine_meuse
4.4,52.6,557,rhine_meuse
4.5,52.6,558,rhine_meuse
4.6,52.6,559,rhine_meuse
4.7,52.6,560,rhine_meuse
4.8,52.6,561,rhine_meuse
4.9,52.6,562,rhine_meuse
5.0,52.6,563,rhine_meuse
5.1,52.6,564,rhine_meuse
5.2,52.6,565,rhine_meuse
5.3,52.6,566,rhine_meuse
5.4,52.6,567,rhine_meuse
5.5,52.6,568,rhine_meuse
5.6,52.6,569,rhine_meuse
5.7,52.6,570,rhine_meuse
5.8,52.6,571,rhine_meuse
5.9,52.6,572,rhine_meuse
6.0,52.6,573,rhine_meuse
6.1,52.6,574,rhine_meuse
6.2,52.6,575,rhine_meuse
6.3,52.6,576,rhine_meuse
6.4,52.6,577,rhine_meuse
6.5,52.6,578,rhine_meuse
6.6,52.6,579,rhine_meuse
6.7,52.6,580,rhine_meuse
6.8,52.6,581,rhine_meuse
6.9,52.6,582,rhine_meuse
7.0,52.6,583,rhine_meuse
7.1,52.6,584,rhine_meuse
3.3,52.7,585,rhine_meuse
3.4,52.7,586,rhine_meuse
3.5,52.7,587,rhine_meuse
3.6,52.7,588,rhine_meuse
3.7,52.7,589,rhine_meuse
3.8,52.7,590,rhine_meuse
3.9,52.7,591,rhine_meuse
4.0,52.7,592,rhine_meuse
4.1,52.7,593,rhine_meuse
4.2,52.7,594,rhine_meuse
4.3,52.7,595,rhine_meuse
4.4,52.7,596,rhine_meuse
4.5,52.7,597,rhine_meuse
4.6,52.7,598,rhine_meuse
4.7,52.7,599,rhine_meuse
4.8,52.7,600,rhine_meuse
4.9,52.7,601,rhine_meuse
5.0,52.7,602,rhine_meuse
5.1,52.7,603,rhine_meuse
5.2,52.7,604,rhine_meuse
5.3,52.7,605,rhine_meuse
5.4,52.7,606,rhine_meuse
5.5,52.7,607,rhine_meuse
5.6,52.7,608,rhine_meuse
5.7,52.7,609,rhine_meuse
5.8,52.7,610,rhine_meuse
5.9,52.7,611,rhine_meuse
6.0,52.7,612,rhine_meuse
6.1,52.7,613,rhine_meuse
6.2,52.7,614,rhine_meuse
6.3,52.7,615,rhine_meuse
6.4,52.7,616,rhine_meuse
6.5,52.7,617,rhine_meuse
6.6,52.7,618,rhine_meuse
6.7,52.7,619,rhine_meuse
6.8,52.7,620,rhine_meuse
6.9,52.7,621,rhine_meuse
7.0,52.7,622,rhine_meuse
7.1,52.7,623,rhine_meuse
3.3,52.8,624,rhine_meuse
3.4,52.8,625,rhine_meuse
3.5,52.8,626,rhine_meuse
3.6,52.8,627,rhine_meuse
3.7,52.8,628,rhine_meuse
3.8,52.8,629,rhine_meuse
3.9,52.8,630,rhine_meuse
4.0,52.8,631,rhine_meuse
4.1,52.8,632,rhine_meuse
4.2,52.8,633,rhine_meuse
4.3,52.8,634,rhine_meuse
4.4,52.8,635,rhine_meuse
4.5,52.8,636,rhine_meuse
4.6,52.8,637,rhine_meuse
4.7,52.8,638,rhine_meuse
4.8,52.8,639,rhine_meuse
4.9,52.8,640,rhine_meuse
5.0,52.8,641,rhine_meuse
5.1,52.8,642,rhine_meuse
5.2,52.8,643,rhine_meuse
5.3,52.8,644,rhine_meuse
5.4,52.8,645,rhine_meuse
5.5,52.8,646,rhine_meuse
5.6,52.8,647,rhine_meuse
5.7,52.8,648,rhine_meuse
5.8,52.8,649,rhine_meuse
5.9,52.8,650,rhine_meuse
6.0,52.8,651,rhine_meuse
6.1,52.8,652,rhine_meuse
6.2,52.8,653,rhine_meuse
6.3,52.8,654,rhine_meuse
6.4,52.8,655,rhine_meuse
6.5,52.8,656,rhine_meuse
6.6,52.8,657,rhine_meuse
6.7,52.8,658,rhine_meuse
6.8,52.8,659,rhine_meuse
6.9,52.8,660,rhine_meuse
7.0,52.8,661,rhine_meuse
7.1,52.8,662,rhine_meuse
3.3,52.9,663,rhine_meuse
3.4,52.9,664,rhine_meuse
3.5,52.9,665,rhine_meuse
3.6,52.9,666,rhine_meuse
3.7,52.9,667,rhine_meuse
3.8,52.9,668,rhine_meuse
3.9,52.9,669,rhine_meuse
4.0,52.9,670,rhine_meuse
4.1,52.9,671,rhine_meuse
4.2,52.9,672,rhine_meuse
4.3,52.9,673,rhine_meuse
4.4,52.9,674,rhine_meuse
4.5,52.9,675,rhine_meuse
4.6,52.9,676,rhine_meuse
4.7,52.9,677,rhine_meuse
4.8,52.9,678,rhine_meuse
4.9,52.9,679,rhine_meuse
5.0,52.9,680,rhine_meuse
5.1,52.9,681,rhine_meuse
5.2,52.9,682,rhine_meuse
5.3,52.9,683,rhine_meuse
5.4,52.9,684,rhine_meuse
5.5,52.9,685,rhine_meuse
5.6,52.9,686,rhine_meuse
5.7,52.9,687,rhine_meuse
5.8,52.9,688,rhine_meuse
5.9,52.9,689,rhine_meuse
6.0,52.9,690,rhine_meuse
6.1,52.9,691,rhine_meuse
6.2,52.9,692,rhine_meuse
6.3,52.9,693,rhine_meuse
6.4,52.9,694,rhine_meuse
6.5,52.9,695,rhine_meuse
6.6,52.9,696,rhine_meuse
6.7,52.9,697,rhine_meuse
6.8,52.9,698,rhine_meuse
6.9,52.9,699,rhine_meuse
7.0,52.9,700,rhine_meuse
7.1,52.9,701,rhine_meuse
3.3,53.0,702,rhine_meuse
3.4,53.0,703,rhine_meuse
3.5,53.0,704,rhine_meuse
3.6,53.0,705,rhine_meuse
3.7,53.0,706,rhine_meuse
3.8,53.0,707,rhine_meuse
3.9,53.0,708,rhine_meuse
4.0,53.0,709,rhine_meuse
4.1,53.0,710,rhine_meuse
4.2,53.0,711,rhine_meuse
4.3,53.0,712,rhine_meuse
4.4,53.0,713,rhine_meuse
4.5,53.0,714,rhine_meuse
4.6,53.0,715,rhine_meuse
4.7,53.0,716,rhine_meuse
4.8,53.0,717,rhine_meuse
4.9,53.0,718,rhine_meuse
5.0,53.0,719,rhine_meuse
5.1,53.0,720,rhine_meuse
5.2,53.0,721,rhine_meuse
5.3,53.0,722,rhine_meuse
5.4,53.0,723,rhine_meuse
5.5,53.0,724,rhine_meuse
5.6,53.0,725,rhine_meuse
5.7,53.0,726,rhine_meuse
5.8,53.0,727,rhine_meuse
5.9,53.0,728,rhine_meuse
6.0,53.0,729,rhine_meuse
6.1,53.0,730,rhine_meuse
6.2,53.0,731,rhine_meuse
6.3,53.0,732,rhine_meuse
6.4,53.0,733,rhine_meuse
6.5,53.0,734,rhine_meuse
6.6,53.0,735,rhine_meuse
6.7,53.0,736,rhine_meuse
6.8,53.0,737,rhine_meuse
6.9,53.0,738,rhine_meuse
7.0,53.0,739,rhine_meuse
7.1,53.0,740,rhine_meuse
3.3,53.1,741,rhine_meuse
3.4,53.1,742,rhine_meuse
3.5,53.1,743,rhine_meuse
3.6,53.1,744,rhine_meuse
3.7,53.1,745,rhine_meuse
3.8,53.1,746,rhine_meuse
3.9,53.1,747,rhine_meuse
4.0,53.1,748,rhine_meuse
4.1,53.1,749,rhine_meuse
4.2,53.1,750,rhine_meuse
4.3,53.1,751,rhine_meuse
4.4,53.1,752,rhine_meuse
4.5,53.1,753,rhine_meuse
4.6,53.1,754,rhine_meuse
4.7,53.1,755,rhine_meuse
4.8,53.1,756,rhine_meuse
4.9,53.1,757,rhine_meuse
5.0,53.1,758,rhine_meuse
5.1,53.1,759,rhine_meuse
5.2,53.1,760,rhine_meuse
5.3,53.1,761,rhine_meuse
5.4,53.1,762,rhine_meuse
5.5,53.1,763,rhine_meuse
5.6,53.1,764,rhine_meuse
5.7,53.1,765,rhine_meuse
5.8,53.1,766,rhine_meuse
5.9,53.1,767,rhine_meuse
6.0,53.1,768,rhine_meuse
6.1,53.1,769,rhine_meuse
6.2,53.1,770,rhine_meuse
6.3,53.1,771,rhine_meuse
6.4,53.1,772,rhine_meuse
6.5,53.1,773,rhine_meuse
6.6,53.1,774,rhine_meuse
6.7,53.1,775,rhine_meuse
6.8,53.1,776,rhine_meuse
6.9,53.1,777,rhine_meuse
7.0,53.1,778,rhine_meuse
7.1,53.1,779,rhine_meuse
3.3,53.2,780,rhine_meuse
3.4,53.2,781,rhine_meuse
3.5,53.2,782,rhine_meuse
3.6,53.2,783,rhine_meuse
3.7,53.2,784,rhine_meuse
3.8,53.2,785,rhine_meuse
3.9,53.2,786,rhine_meuse
4.0,53.2,787,rhine_meuse
4.1,53.2,788,rhine_meuse
4.2,53.2,789,rhine_meuse
4.3,53.2,790,rhine_meuse
4.4,53.2,791,rhine_meuse
4.5,53.2,792,rhine_meuse
4.6,53.2,793,rhine_meuse
4.7,53.2,794,rhine_meuse
4.8,53.2,795,rhine_meuse
4.9,53.2,796,rhine_meuse
5.0,53.2,797,rhine_meuse
5.1,53.2,798,rhine_meuse
5.2,53.2,799,rhine_meuse
5.3,53.2,800,rhine_meuse
5.4,53.2,801,rhine_meuse
5.5,53.2,802,rhine_meuse
5.6,53.2,803,rhine_meuse
5.7,53.2,804,rhine_meuse
5.8,53.2,805,rhine_meuse
5.9,53.2,806,rhine_meuse
6.0,53.2,807,rhine_meuse
6.1,53.2,808,rhine_meuse
6.2,53.2,809,rhine_meuse
6.3,53.2,810,rhine_meuse
6.4,53.2,811,rhine_meuse
6.5,53.2,812,rhine_meuse
6.6,53.2,813,rhine_meuse
6.7,53.2,814,rhine_meuse
6.8,53.2,815,rhine_meuse
6.9,53.2,816,rhine_meuse
7.0,53.2,817,rhine_meuse
7.1,53.2,818,rhine_meuse
3.3,53.3,819,rhine_meuse
3.4,53.3,820,rhine_meuse
3.5,53.3,821,rhine_meuse
3.6,53.3,822,rhine_meuse
3.7,53.3,823,rhine_meuse
3.8,53.3,824,rhine_meuse
3.9,53.3,825,rhine_meuse
4.0,53.3,826,rhine_meuse
4.1,53.3,827,rhine_meuse
4.2,53.3,828,rhine_meuse
4.3,53.3,829,rhine_meuse
4.4,53.3,830,rhine_meuse
4.5,53.3,831,rhine_meuse
4.6,53.3,832,rhine_meuse
4.7,53.3,833,rhine_meuse
4.8,53.3,834,rhine_meuse
4.9,53.3,835,rhine_meuse
5.0,53.3,836,rhine_meuse
5.1,53.3,837,rhine_meuse
5.2,53.3,838,rhine_meuse
5.3,53.3,839,rhine_meuse
5.4,53.3,840,rhine_meuse
5.5,53.3,841,rhine_meuse
5.6,53.3,842,rhine_meuse
5.7,53.3,843,rhine_meuse
5.8,53.3,844,rhine_meuse
5.9,53.3,845,rhine_meuse
6.0,53.3,846,rhine_meuse
6.1,53.3,847,rhine_meuse
6.2,53.3,848,rhine_meuse
6.3,53.3,849,rhine_meuse
6.4,53.3,850,rhine_meuse
6.5,53.3,851,rhine_meuse
6.6,53.3,852,rhine_meuse
6.7,53.3,853,rhine_meuse
6.8,53.3,854,rhine_meuse
6.9,53.3,855,rhine_meuse
7.0,53.3,856,rhine_meuse
7.1,53.3,857,rhine_meuse
3.3,53.4,858,rhine_meuse
3.4,53.4,859,rhine_meuse
3.5,53.4,860,rhine_meuse
3.6,53.4,861,rhine_meuse
3.7,53.4,862,rhine_meuse
3.8,53.4,863,rhine_meuse
3.9,53.4,864,rhine_meuse
4.0,53.4,865,rhine_meuse
4.1,53.4,866,rhine_meuse
4.2,53.4,867,rhine_meuse
4.3,53.4,868,rhine_meuse
4.4,53.4,869,rhine_meuse
4.5,53.4,870,rhine_meuse
4.6,53.4,871,rhine_meuse
4.7,53.4,872,rhine_meuse
4.8,53.4,873,rhine_meuse
4.9,53.4,874,rhine_meuse
5.0,53.4,875,rhine_meuse
5.1,53.4,876,rhine_meuse
5.2,53.4,877,rhine_meuse
5.3,53.4,878,rhine_meuse
5.4,53.4,879,rhine_meuse
5.5,53.4,880,rhine_meuse
5.6,53.4,881,rhine_meuse
5.7,53.4,882,rhine_meuse
5.8,53.4,883,rhine_meuse
5.9,53.4,884,rhine_meuse
6.0,53.4,885,rhine_meuse
6.1,53.4,886,rhine_meuse
6.2,53.4,887,rhine_meuse
6.3,53.4,888,rhine_meuse
6.4,53.4,889,rhine_meuse
6.5,53.4,890,rhine_meuse
6.6,53.4,891,rhine_meuse
6.7,53.4,892,rhine_meuse
6.8,53.4,893,rhine_meuse
6.9,53.4,894,rhine_meuse
7.0,53.4,895,rhine_meuse
7.1,53.4,896,rhine_meuse
73.8,29.5,0,punjab
74.05,29.5,1,punjab
74.3,29.5,2,punjab
74.55,29.5,3,punjab
74.8,29.5,4,punjab
75.05,29.5,5,punjab
75.3,29.5,6,punjab
75.55,29.5,7,punjab
75.8,29.5,8,punjab
76.05,29.5,9,punjab
76.3,29.5,10,punjab
76.55,29.5,11,punjab
73.8,29.75,12,punjab
74.05,29.75,13,punjab
74.3,29.75,14,punjab
74.55,29.75,15,punjab
74.8,29.75,16,punjab
75.05,29.75,17,punjab
75.3,29.75,18,punjab
75.55,29.75,19,punjab
75.8,29.75,20,punjab
76.05,29.75,21,punjab
76.3,29.75,22,punjab
76.55,29.75,23,punjab
73.8,30.0,24,punjab
74.05,30.0,25,punjab
74.3,30.0,26,punjab
74.55,30.0,27,punjab
74.8,30.0,28,punjab
75.05,30.0,29,punjab
75.3,30.0,30,punjab
75.55,30.0,31,punjab
75.8,30.0,32,punjab
76.05,30.0,33,punjab
76.3,30.0,34,punjab
76.55,30.0,35,punjab
73.8,30.25,36,punjab
74.05,30.25,37,punjab
74.3,30.25,38,punjab
74.55,30.25,39,punjab
74.8,30.25,40,punjab
75.05,30.25,41,punjab
75.3,30.25,42,punjab
75.55,30.25,43,punjab
75.8,30.25,44,punjab
76.05,30.25,45,punjab
76.3,30.25,46,punjab
76.55,30.25,47,punjab
73.8,30.5,48,punjab
74.05,30.5,49,punjab
74.3,30.5,50,punjab
74.55,30.5,51,punjab
74.8,30.5,52,punjab
75.05,30.5,53,punjab
75.3,30.5,54,punjab
75.55,30.5,55,punjab
75.8,30.5,56,punjab
76.05,30.5,57,punjab
76.3,30.5,58,punjab
76.55,30.5,59,punjab
73.8,30.75,60,punjab
74.05,30.75,61,punjab
74.3,30.75,62,punjab
74.55,30.75,63,punjab
74.8,30.75,64,punjab
75.05,30.75,65,punjab
75.3,30.75,66,punjab
75.55,30.75,67,punjab
75.8,30.75,68,punjab
76.05,30.75,69,punjab
76.3,30.75,70,punjab
76.55,30.75,71,punjab
73.8,31.0,72,punjab
74.05,31.0,73,punjab
74.3,31.0,74,punjab
74.55,31.0,75,punjab
74.8,31.0,76,punjab
75.05,31.0,77,punjab
75.3,31.0,78,punjab
75.55,31.0,79,punjab
75.8,31.0,80,punjab
76.05,31.0,81,punjab
76.3,31.0,82,punjab
76.55,31.0,83,punjab
73.8,31.25,84,punjab
74.05,31.25,85,punjab
74.3,31.25,86,punjab
74.55,31.25,87,punjab
74.8,31.25,88,punjab
75.05,31.25,89,punjab
75.3,31.25,90,punjab
75.55,31.25,91,punjab
75.8,31.25,92,punjab
76.05,31.25,93,punjab
76.3,31.25,94,punjab
76.55,31.25,95,punjab
73.8,31.5,96,punjab
74.05,31.5,97,punjab
74.3,31.5,98,punjab
74.55,31.5,99,punjab
74.8,31.5,100,punjab
75.05,31.5,101,punjab
75.3,31.5,102,punjab
75.55,31.5,103,punjab
75.8,31.5,104,punjab
76.05,31.5,105,punjab
76.3,31.5,106,punjab
76.55,31.5,107,punjab
73.8,31.75,108,punjab
74.05,31.75,109,punjab
74.3,31.75,110,punjab
74.55,31.75,111,punjab
74.8,31.75,112,punjab
75.05,31.75,113,punjab
75.3,31.75,114,punjab
75.55,31.75,115,punjab
75.8,31.75,116,punjab
76.05,31.75,117,punjab
76.3,31.75,118,punjab
76.55,31.75,119,punjab
73.8,32.0,120,punjab
74.05,32.0,121,punjab
74.3,32.0,122,punjab
74.55,32.0,123,punjab
74.8,32.0,124,punjab
75.05,32.0,125,punjab
75.3,32.0,126,punjab
75.55,32.0,127,punjab
75.8,32.0,128,punjab
76.05,32.0,129,punjab
76.3,32.0,130,punjab
76.55,32.0,131,punjab
73.8,32.25,132,punjab
74.05,32.25,133,punjab
74.3,32.25,134,punjab
74.55,32.25,135,punjab
74.8,32.25,136,punjab
75.05,32.25,137,punjab
75.3,32.25,138,punjab
75.55,32.25,139,punjab
75.8,32.25,140,punjab
76.05,32.25,141,punjab
76.3,32.25,142,punjab
76.55,32.25,143,punjab
